-1.302797603607177734e+01,9.433875083923339844e+00,-2.479488945007324219e+01
-1.721749305725097656e+01,2.647193670272827148e+00,-1.577693367004394531e+01
-1.229394435882568359e+01,6.092488288879394531e+00,-2.474178504943847656e+01
-8.650653839111328125e+00,-4.559688568115234375e-01,-2.224733543395996094e+01
-5.563728332519531250e+00,5.158859729766845703e+00,-1.211881065368652344e+01
-1.125248050689697266e+01,8.629556655883789062e+00,-2.767362976074218750e+01
-1.509413814544677734e+01,8.322882652282714844e+00,-2.704022979736328125e+01
-1.268032073974609375e+01,3.816295862197875977e-01,-2.687969589233398438e+01
-1.524978446960449219e+01,8.806315064430236816e-01,-2.411044692993164062e+01
-5.203480720520019531e+00,6.459971666336059570e-01,-1.288913917541503906e+01
-1.201338577270507812e+01,7.636615276336669922e+00,-3.139138603210449219e+01
-5.117312908172607422e+00,-4.508753299713134766e+00,-2.154785537719726562e+01
-2.346520423889160156e+00,5.298668384552001953e+00,-1.630134963989257812e+01
-2.242148876190185547e+00,1.055867671966552734e+00,-1.691835975646972656e+01
-9.359045028686523438e+00,7.654835700988769531e+00,-1.555758094787597656e+01
-1.769532203674316406e+00,2.398090839385986328e+00,-1.362827205657958984e+01
-1.383647203445434570e+00,5.294644832611083984e+00,-2.018308448791503906e+01
-4.626531600952148438e+00,4.667471885681152344e+00,-1.957820510864257812e+01
-5.864263057708740234e+00,7.159643650054931641e+00,-1.681994056701660156e+01
-5.039164543151855469e+00,3.067793607711791992e+00,-1.585607337951660156e+01
-1.807479500770568848e+00,-1.311797738075256348e+00,-1.354520988464355469e+01
-8.516048431396484375e+00,4.865377902984619141e+00,-2.151169586181640625e+01
-9.217894554138183594e+00,8.641594886779785156e+00,-2.332659149169921875e+01
-3.193538665771484375e+00,8.493496894836425781e+00,-1.903927230834960938e+01
-5.354656219482421875e+00,6.954774856567382812e+00,-2.213796997070312500e+01
-1.057298851013183594e+01,7.924928188323974609e+00,-2.033839416503906250e+01
-8.245079994201660156e+00,4.821175098419189453e+00,-1.799164009094238281e+01
-1.117117595672607422e+01,1.151441097259521484e+01,-2.104341697692871094e+01
-6.800834655761718750e+00,9.198020935058593750e+00,-2.009800529479980469e+01
-5.679486751556396484e+00,-6.781248092651367188e+00,-1.212764739990234375e+01
-1.174644589424133301e+00,-1.158529663085937500e+01,-1.408203220367431641e+01
-6.545667171478271484e+00,-8.845298767089843750e+00,-1.548039722442626953e+01
-3.314568281173706055e+00,-4.815863609313964844e+00,-1.641001319885253906e+01
-3.201491594314575195e+00,-9.947255134582519531e+00,-1.715319442749023438e+01
-6.522130489349365234e+00,-5.004517078399658203e+00,-1.495292854309082031e+01
-1.809325665235519409e-01,-8.314023017883300781e+00,-1.249333381652832031e+01
9.817486256361007690e-02,-5.370775699615478516e+00,-1.529483222961425781e+01
-2.763785600662231445e+00,-4.284807682037353516e+00,-1.195539283752441406e+01
-1.120112895965576172e+00,-6.749786376953125000e+00,-1.891734313964843750e+01
-2.956386327743530273e+00,-7.591378211975097656e+00,-1.461025142669677734e+01
-2.005819129943847656e+01,-2.849822998046875000e+00,-2.584305191040039062e+01
-1.804694938659667969e+01,-6.908742427825927734e+00,-2.317955017089843750e+01
-1.479479312896728516e+01,-8.488313674926757812e+00,-2.254948616027832031e+01
-1.469422531127929688e+01,-1.956136512756347656e+01,3.112014770507812500e+00
-9.923746109008789062e+00,-8.362002372741699219e+00,-2.014224815368652344e+01
-4.813870429992675781e+00,-1.332511425018310547e+01,-1.491394805908203125e+01
-1.129068660736083984e+01,-1.150387287139892578e+01,-1.849119377136230469e+01
-1.491263389587402344e+01,-1.086897563934326172e+01,-1.720532608032226562e+01
-1.980127716064453125e+01,-4.370695590972900391e+00,-2.220460128784179688e+01
-1.146476554870605469e+01,-8.321234703063964844e+00,-1.660831260681152344e+01
-2.434432792663574219e+01,-2.235593557357788086e+00,-2.802721405029296875e+01
-1.615916061401367188e+01,-3.977359771728515625e+00,-2.364344024658203125e+01
-1.504990768432617188e+01,-5.606664657592773438e+00,-2.889547538757324219e+01
-2.360809326171875000e+01,5.336894989013671875e-01,-3.027466964721679688e+01
-2.482482147216796875e+01,-4.445664882659912109e+00,-2.474567413330078125e+01
-1.996771430969238281e+01,-1.017512440681457520e+00,-2.948289871215820312e+01
-1.771360206604003906e+01,-6.804718017578125000e+00,-2.731535339355468750e+01
-2.664179420471191406e+01,-3.074057102203369141e-01,-2.616134071350097656e+01
-2.310856628417968750e+01,1.731260418891906738e+00,-2.699675178527832031e+01
-2.691410064697265625e+01,9.663577675819396973e-01,-3.007373619079589844e+01
-2.313287544250488281e+01,-1.252549409866333008e+00,-2.462746620178222656e+01
-1.638631820678710938e+01,-3.273717641830444336e+00,-3.415142822265625000e+01
-1.040917396545410156e+01,-5.073094844818115234e+00,-2.807974624633789062e+01
-1.687636566162109375e+01,7.221413254737854004e-01,-3.178054618835449219e+01
-2.000522041320800781e+01,2.311318159103393555e+00,-3.637205505371093750e+01
-1.629982757568359375e+01,-1.499416828155517578e+00,-2.995119667053222656e+01
-1.756956672668457031e+01,3.482213020324707031e+00,-2.890952491760253906e+01
-1.622364616394042969e+01,3.845599412918090820e+00,-2.578266906738281250e+01
-2.021185111999511719e+01,2.096862792968750000e+00,-3.146733856201171875e+01
-8.765492439270019531e+00,5.079355716705322266e+00,-2.636907577514648438e+01
-1.414795112609863281e+01,4.902446269989013672e+00,-3.071861648559570312e+01
-1.984295272827148438e+01,-2.368365287780761719e+00,-3.389577102661132812e+01
-1.775424194335937500e+01,2.957026660442352295e-02,-3.645903396606445312e+01
-1.760276031494140625e+01,5.628811717033386230e-01,-2.625058555603027344e+01
-1.342553234100341797e+01,-1.903034591674804688e+01,-1.399301171302795410e+00
-2.627496337890625000e+01,4.269800662994384766e+00,-2.792666625976562500e+01
-2.020181274414062500e+01,2.532845497131347656e+00,-2.474987030029296875e+01
-2.272760581970214844e+01,5.610280990600585938e+00,-3.003706932067871094e+01
-1.410352802276611328e+01,-5.672484040260314941e-01,-3.346265029907226562e+01
-1.844924736022949219e+01,-5.202496051788330078e+00,-3.062578201293945312e+01
-1.935470008850097656e+01,6.855234622955322266e+00,-2.794370651245117188e+01
-5.491847515106201172e+00,-9.574655890464782715e-01,-8.965497970581054688e+00
-1.314352798461914062e+01,-1.636476516723632812e+01,1.704759478569030762e+00
-1.587903022766113281e+01,5.527847766876220703e+00,-2.152548789978027344e+01
-1.911692619323730469e+01,9.627173423767089844e+00,-2.631824493408203125e+01
-1.211959552764892578e+01,1.457381248474121094e+00,-2.006287384033203125e+01
-1.263194561004638672e+01,-2.569065332412719727e+00,-2.514554405212402344e+01
-1.408627414703369141e+01,-2.005565404891967773e+00,-2.075796699523925781e+01
-5.600324153900146484e+00,-6.813249111175537109e+00,-1.890554428100585938e+01
-7.315787792205810547e+00,3.049324452877044678e-01,-1.882834625244140625e+01
-1.553008747100830078e+01,-5.088711261749267578e+00,-2.024039649963378906e+01
-8.634394645690917969e+00,-5.089667797088623047e+00,-2.161908531188964844e+01
-4.639014720916748047e+00,9.260964393615722656e-01,-2.081678771972656250e+01
6.563269495964050293e-01,-9.516487121582031250e+00,-1.627833557128906250e+01
-4.800239086151123047e+00,-1.941173076629638672e+00,-1.881610870361328125e+01
-9.005784034729003906e+00,-5.265282154083251953e+00,-1.809256553649902344e+01
-3.907321691513061523e+00,-1.083323383331298828e+01,-1.191009616851806641e+01
-1.699974441528320312e+01,-1.135330677032470703e+00,-2.169730567932128906e+01
-1.257078552246093750e+01,-2.285573577880859375e+01,4.199103713035583496e-01
-8.000585556030273438e+00,-7.261804938316345215e-01,-1.322096157073974609e+01
-5.155033874511718750e+01,-1.351791954040527344e+01,1.131479930877685547e+01
-4.020218658447265625e+01,-1.069987773895263672e+01,-2.658946514129638672e+00
-5.096598052978515625e+01,-9.630940437316894531e+00,1.275647068023681641e+01
-5.283484649658203125e+01,-4.372127056121826172e+00,1.634822082519531250e+01
-5.892645263671875000e+01,8.696705818176269531e+00,1.519663906097412109e+01
-5.340262222290039062e+01,2.508461236953735352e+00,1.373769950866699219e+01
-5.961125946044921875e+01,3.012006521224975586e+00,1.007949733734130859e+01
-5.167864990234375000e+01,-8.694792166352272034e-03,1.122019386291503906e+01
-5.467365646362304688e+01,4.424446105957031250e+00,1.127224922180175781e+01
-4.698447799682617188e+01,-7.450782775878906250e+00,1.096165466308593750e+01
-5.272454833984375000e+01,2.757273197174072266e+00,8.101241111755371094e+00
-4.832011413574218750e+01,-5.144394874572753906e+00,8.572632789611816406e+00
-5.767853164672851562e+01,6.786069393157958984e+00,9.560035705566406250e+00
-5.730209350585937500e+01,1.401958227157592773e+00,1.336789703369140625e+01
-5.089373397827148438e+01,-1.364582824707031250e+01,-1.144734859466552734e+00
-4.547824096679687500e+01,-3.827192068099975586e+00,4.271944999694824219e+00
-4.307017898559570312e+01,-8.438917160034179688e+00,3.899627923965454102e+00
-4.948040390014648438e+01,-1.575597190856933594e+01,2.005353450775146484e+00
-5.585348510742187500e+01,1.402874588966369629e+00,1.025351333618164062e+01
-4.823868942260742188e+01,-2.544629812240600586e+00,6.674069881439208984e+00
-5.238453292846679688e+01,7.128537654876708984e+00,1.343789482116699219e+01
-5.374828720092773438e+01,-3.554754257202148438e+00,4.511476039886474609e+00
-5.665449523925781250e+01,3.587740659713745117e+00,7.613123893737792969e+00
-4.749082183837890625e+01,-6.165038585662841797e+00,1.435351181030273438e+01
-5.233417510986328125e+01,-6.830203533172607422e+00,8.734498977661132812e+00
-5.161729431152343750e+01,-6.679237842559814453e+00,5.889785766601562500e+00
-5.035469436645507812e+01,-1.112238311767578125e+01,1.592644929885864258e+00
-4.597465133666992188e+01,-9.518885612487792969e+00,5.122083663940429688e+00
-5.119717407226562500e+01,-1.040740013122558594e+01,7.627917289733886719e+00
-5.560013580322265625e+01,-5.973189830780029297e+00,7.157573223114013672e+00
-5.053407287597656250e+01,-1.079863643646240234e+01,-3.169440984725952148e+00
-3.570711135864257812e+01,-1.027123737335205078e+01,-2.542361974716186523e+00
-3.860018920898437500e+01,-6.478115558624267578e+00,-2.519490480422973633e+00
-4.310700607299804688e+01,-7.937045097351074219e+00,-3.619172811508178711e+00
-5.328059005737304688e+01,-3.816069841384887695e+00,9.896431922912597656e+00
-3.849807739257812500e+01,-1.226246929168701172e+01,1.136205911636352539e+00
-4.070872497558593750e+01,-7.278827667236328125e+00,-6.635553359985351562e+00
-4.675832366943359375e+01,-1.326112937927246094e+01,4.926021099090576172e-01
-5.359533309936523438e+01,-1.379242801666259766e+01,1.779904723167419434e+00
-3.684291839599609375e+01,-1.318063831329345703e+01,-5.030603408813476562e+00
-4.560446166992187500e+01,-1.153987598419189453e+01,-6.365346431732177734e+00
-4.822346115112304688e+01,-1.356466484069824219e+01,-3.711733102798461914e+00
-6.116751098632812500e+01,4.415317535400390625e+00,1.625178909301757812e+01
-4.636339569091796875e+01,-8.569640159606933594e+00,-4.525650024414062500e+00
-5.433214569091796875e+01,8.853176116943359375e+00,1.600181388854980469e+01
-4.403828811645507812e+01,-1.515179729461669922e+01,1.966168880462646484e+00
-4.686104965209960938e+01,-1.505050373077392578e+01,6.601306915283203125e+00
-5.130277633666992188e+01,-1.431740856170654297e+01,5.485729217529296875e+00
-4.265142822265625000e+01,-1.227819633483886719e+01,6.223225116729736328e+00
-5.572678375244140625e+01,-1.005262947082519531e+01,8.493906021118164062e+00
-4.484519577026367188e+01,-3.205702066421508789e+00,8.439682960510253906e+00
-3.905841064453125000e+01,-1.262654685974121094e+01,5.975352764129638672e+00
-4.091282653808593750e+01,-1.595263385772705078e+01,3.358336925506591797e+00
-6.050368881225585938e+01,6.891847252845764160e-01,1.603476333618164062e+01
-4.812277221679687500e+01,-1.137599468231201172e+01,1.298426914215087891e+01
-4.407146453857421875e+01,-1.128049373626708984e+01,-2.857649087905883789e+00
-6.281661987304687500e+01,4.125133454799652100e-01,1.277680587768554688e+01
-5.764378738403320312e+01,-3.153409957885742188e+00,1.136503696441650391e+01
-5.083486938476562500e+01,-6.003505229949951172e+00,1.283019542694091797e+01
-5.650919723510742188e+01,-2.489516258239746094e+00,1.709678268432617188e+01
-5.751007461547851562e+01,-5.085237503051757812e+00,1.478147888183593750e+01
-5.658578109741210938e+01,1.282331943511962891e+00,1.812817573547363281e+01
-5.323881530761718750e+01,-7.596777915954589844e+00,1.500882816314697266e+01
-4.107085418701171875e+01,-7.057149410247802734e+00,-3.838111460208892822e-01
-3.923189544677734375e+01,-8.346983909606933594e+00,2.902469396591186523e+00
-4.298263168334960938e+01,-1.378155994415283203e+01,-4.913290977478027344e+00
-4.156170654296875000e+01,-1.099784851074218750e+01,-6.634859085083007812e+00
-4.324708557128906250e+01,-1.067185115814208984e+01,1.230449318885803223e+00
-5.858338546752929688e+01,5.250250339508056641e+00,1.369256782531738281e+01
-5.395585250854492188e+01,6.428662300109863281e+00,8.542128562927246094e+00
-5.553337097167968750e+01,-5.605231285095214844e+00,1.113085365295410156e+01
-5.513854598999023438e+01,-1.062065124511718750e+00,7.008852958679199219e+00
-5.204542541503906250e+01,5.418385028839111328e+00,1.781079673767089844e+01
-5.617344665527343750e+01,8.284198760986328125e+00,1.272644519805908203e+01
-5.536095046997070312e+01,5.311235427856445312e+00,1.577715778350830078e+01
-5.135295104980468750e+01,-9.748501181602478027e-01,7.193464756011962891e+00
-4.978600311279296875e+01,3.091379880905151367e+00,1.032767963409423828e+01
-4.396782302856445312e+01,-8.499259948730468750e+00,-7.760272502899169922e+00
-3.736098098754882812e+01,-8.971685409545898438e+00,-5.739410877227783203e+00
-3.798387908935546875e+01,-1.000787734985351562e+01,-9.048252105712890625e+00
-3.345602416992187500e+01,-9.657205581665039062e+00,-6.236098766326904297e+00
-4.368441390991210938e+01,-8.609757423400878906e+00,7.600502967834472656e+00
-5.339085769653320312e+01,-1.018629550933837891e+01,-2.339299023151397705e-01
-5.125859832763671875e+01,-7.487515926361083984e+00,1.483126282691955566e+00
-4.993344116210937500e+01,-7.516811847686767578e+00,-2.108623504638671875e+00
-5.308041000366210938e+01,-1.035779857635498047e+01,4.201951503753662109e+00
-5.418046951293945312e+01,-1.562934041023254395e+00,1.432478809356689453e+01
-4.892901992797851562e+01,-1.211504650115966797e+01,4.894171714782714844e+00
-4.724855041503906250e+01,-9.661817550659179688e+00,-1.024178862571716309e+00
-4.238497161865234375e+01,-1.652204132080078125e+01,-2.210842847824096680e+00
-5.768769454956054688e+01,-3.658492088317871094e+00,4.008094310760498047e+00
-5.014290618896484375e+01,-1.648045921325683594e+01,1.023542022705078125e+01
-4.104865646362304688e+01,-1.379018878936767578e+01,-1.567235775291919708e-02
-3.735610961914062500e+01,-1.562544441223144531e+01,-1.175854206085205078e+00
-4.868609619140625000e+01,-2.387361288070678711e+00,1.300465774536132812e+01
-4.929497909545898438e+01,3.920626640319824219e+00,1.449713802337646484e+01
-4.644616699218750000e+01,-1.205599403381347656e+01,9.054102897644042969e+00
-5.774934387207031250e+01,7.303677558898925781e+00,1.843566131591796875e+01
-6.014240264892578125e+01,-4.628714561462402344e+00,8.459204673767089844e+00
-4.346724319458007812e+01,-1.249075603485107422e+01,1.152729892730712891e+01
-1.017159080505371094e+01,-1.117333602905273438e+01,2.404707145690917969e+01
-7.547553062438964844e+00,-1.352578544616699219e+01,2.302805709838867188e+01
-1.719766998291015625e+01,9.323825836181640625e+00,1.354132080078125000e+01
-2.529279708862304688e+01,3.872598111629486084e-01,1.031263637542724609e+01
1.183546733856201172e+01,-2.173614692687988281e+01,3.766608476638793945e+00
-1.357021522521972656e+01,-1.519345378875732422e+01,1.895267105102539062e+01
-1.121175861358642578e+01,-1.389577960968017578e+01,1.585653400421142578e+01
-1.071418476104736328e+01,-1.451503086090087891e+01,2.343921279907226562e+01
-9.888880729675292969e+00,-1.489715671539306641e+01,2.009012031555175781e+01
-1.393919181823730469e+01,-1.206313991546630859e+01,2.123510551452636719e+01
-1.629541587829589844e+01,1.979862928390502930e+00,7.864715576171875000e+00
-9.036236763000488281e+00,5.246141910552978516e+00,2.186744689941406250e+01
-1.409302711486816406e+01,-8.024041056632995605e-01,1.666239356994628906e+01
-2.093842315673828125e+01,-1.088604640960693359e+01,1.179540348052978516e+01
-2.135295677185058594e+01,-1.412377166748046875e+01,9.418387413024902344e+00
-1.155244922637939453e+01,1.716484427452087402e+00,1.753694343566894531e+01
-1.296985340118408203e+01,3.771701335906982422e+00,9.814617156982421875e+00
-9.970620155334472656e+00,7.127182483673095703e-01,2.064592361450195312e+01
-1.881885528564453125e+01,-1.281184196472167969e+01,1.258237457275390625e+01
-1.602886390686035156e+01,4.742987155914306641e+00,1.714038276672363281e+01
-1.748084259033203125e+01,-1.335577011108398438e+00,1.124969387054443359e+01
-1.455685901641845703e+01,-4.700943470001220703e+00,1.443664932250976562e+01
-1.044565582275390625e+01,-2.278464317321777344e+00,1.086230564117431641e+01
-4.844955921173095703e+00,-5.722834587097167969e+00,1.707716751098632812e+01
-1.357893753051757812e+01,6.726570427417755127e-02,1.040751838684082031e+01
-1.472267913818359375e+01,8.823911547660827637e-01,1.373851490020751953e+01
-1.872999191284179688e+01,1.641669869422912598e+00,1.333263492584228516e+01
-2.003920173645019531e+01,-8.361678123474121094e+00,1.871936035156250000e+01
-1.407031059265136719e+01,-3.378708124160766602e+00,2.247329711914062500e+01
-1.361852264404296875e+01,-1.686033606529235840e-01,1.989233398437500000e+01
-3.352077484130859375e+00,-4.930688381195068359e+00,2.061655807495117188e+01
-9.738136291503906250e+00,2.632616758346557617e+00,2.406499671936035156e+01
-7.888247013092041016e+00,-8.541903495788574219e+00,1.695355987548828125e+01
-1.756074905395507812e+01,-3.473887145519256592e-01,2.758618593215942383e+00
-1.848428726196289062e+01,7.162771224975585938e+00,7.629882335662841797e+00
-1.994264793395996094e+01,5.581330060958862305e-01,4.553062438964843750e+00
-1.408516883850097656e+01,-3.910063028335571289e+00,1.119664669036865234e+01
-1.708905220031738281e+01,-5.023587226867675781e+00,1.904910278320312500e+01
-1.745774650573730469e+01,-1.113291931152343750e+01,9.752517700195312500e+00
-1.575831699371337891e+01,8.941750526428222656e+00,8.333929061889648438e+00
-2.243622398376464844e+01,2.376588732004165649e-01,1.240774869918823242e+00
-1.634391593933105469e+01,-1.620013618469238281e+01,1.096060848236083984e+01
-2.170971298217773438e+01,-5.250951290130615234e+00,8.347854614257812500e+00
-9.341053962707519531e+00,-2.838772392272949219e+01,1.346650981903076172e+01
-1.212721824645996094e+01,-3.695083618164062500e+00,1.690295600891113281e+01
-7.275773525238037109e+00,-1.363457965850830078e+01,3.090556383132934570e+00
-2.353614997863769531e+01,6.627527236938476562e+00,9.788009643554687500e+00
-1.189783000946044922e+01,5.187409877777099609e+00,1.886188316345214844e+01
-1.623901939392089844e+01,1.017756700515747070e+00,-1.842744064331054688e+01
-1.017347431182861328e+01,4.552567958831787109e+00,1.519094085693359375e+01
-2.463678741455078125e+01,-5.091319084167480469e+00,5.027162551879882812e+00
-1.791216087341308594e+01,-6.320547103881835938e+00,1.619018745422363281e+01
-6.142783164978027344e+00,-1.004822158813476562e+01,2.015056419372558594e+01
-2.157130432128906250e+01,-7.103577136993408203e+00,5.204557418823242188e+00
-1.131566047668457031e+01,-8.916553497314453125e+00,1.812195968627929688e+01
-2.429911041259765625e+01,-6.913856506347656250e+00,1.881732940673828125e+00
-9.417339324951171875e+00,-7.979572772979736328e+00,2.090417671203613281e+01
-7.522490501403808594e+00,-1.606657505035400391e+00,2.299185562133789062e+01
-1.223744964599609375e+01,-9.311688423156738281e+00,1.415760517120361328e+01
-9.170295715332031250e+00,-1.162856101989746094e+01,1.486727333068847656e+01
-9.525043487548828125e+00,-1.095886707305908203e+01,1.994813346862792969e+01
-1.351508045196533203e+01,-8.242988586425781250e+00,2.151484298706054688e+01
-1.707107162475585938e+01,-4.220918178558349609e+00,5.387584686279296875e+00
-1.361171150207519531e+01,-1.223884487152099609e+01,9.536141395568847656e+00
-1.130162048339843750e+01,-9.925251007080078125e-01,2.419463348388671875e+01
-1.052971839904785156e+01,-1.074837327003479004e+00,1.445544528961181641e+01
-2.022643089294433594e+01,-1.019162940979003906e+01,1.614097404479980469e+01
-8.639040946960449219e+00,-4.561350822448730469e+00,1.464341545104980469e+01
-9.726006507873535156e+00,-7.185115337371826172e+00,1.312750244140625000e+01
-5.363123893737792969e+00,-7.623058795928955078e+00,1.332629871368408203e+01
-1.514026641845703125e+01,-2.180859804153442383e+00,6.844723224639892578e+00
-6.731018424034118652e-01,-8.178312301635742188e+00,1.575406932830810547e+01
-1.616716003417968750e+01,-1.115195655822753906e+01,6.537163734436035156e+00
-1.229910659790039062e+01,-8.959676742553710938e+00,1.008072090148925781e+01
-1.615896224975585938e+01,-9.249531745910644531e+00,1.899272918701171875e+01
-1.535490322113037109e+01,-1.056302261352539062e+01,1.644841194152832031e+01
-1.409616756439208984e+01,5.958738327026367188e+00,1.268401718139648438e+01
-1.147877407073974609e+01,-4.462929725646972656e+00,2.501281356811523438e+01
-3.832905054092407227e+00,-8.492850303649902344e+00,1.775937271118164062e+01
-1.060003566741943359e+01,-2.793244838714599609e+00,2.131129837036132812e+01
-2.189959144592285156e+01,-2.912697315216064453e+00,4.867908000946044922e+00
-2.094404602050781250e+01,5.540140151977539062e+00,5.843302726745605469e+00
-2.276552772521972656e+01,3.891957044601440430e+00,3.596929073333740234e+00
-2.218387222290039062e+01,-2.801120042800903320e+00,1.292487335205078125e+01
-2.333742904663085938e+01,3.288664817810058594e+00,7.649112701416015625e+00
-2.291254806518554688e+01,2.716642141342163086e+00,1.192689800262451172e+01
-1.931228446960449219e+01,-1.383882284164428711e+00,7.413021564483642578e+00
-2.015249061584472656e+01,-3.351482868194580078e+00,1.730072975158691406e+01
-2.241036796569824219e+01,-7.909700274467468262e-01,8.818897247314453125e+00
-1.733692550659179688e+01,-1.751040935516357422e+00,1.525361633300781250e+01
-2.518286895751953125e+01,-2.848671913146972656e+00,8.360791206359863281e+00
-1.729252815246582031e+01,-5.419190883636474609e+00,1.022584724426269531e+01
-2.471164321899414062e+01,-4.777711927890777588e-01,6.015614032745361328e+00
-1.797378158569335938e+01,-1.095397353172302246e+00,1.950132942199707031e+01
-1.924683952331542969e+01,1.215538620948791504e+00,1.676318550109863281e+01
-1.351619243621826172e+01,3.658718347549438477e+00,2.313557434082031250e+01
-1.856809043884277344e+01,-6.594543933868408203e+00,2.301805305480957031e+01
-2.219767761230468750e+01,4.154511690139770508e-01,1.427759170532226562e+01
-1.510587024688720703e+01,3.321552515029907227e+00,2.003431892395019531e+01
-1.758342361450195312e+01,6.403799533843994141e+00,1.259088897705078125e+01
2.521791648864746094e+01,-1.256032276153564453e+01,8.592424392700195312e+00
3.416907882690429688e+01,-9.791450500488281250e+00,1.329825687408447266e+01
4.095165634155273438e+01,-1.238864421844482422e+01,1.713935470581054688e+01
2.968165588378906250e+01,-5.677453279495239258e-01,4.945989131927490234e+00
3.928036880493164062e+01,-5.480168819427490234e+00,1.267324829101562500e+01
3.329381179809570312e+01,-3.318503856658935547e+00,7.974282741546630859e+00
3.295914077758789062e+01,2.027156829833984375e+00,7.099148750305175781e+00
2.902684974670410156e+01,-7.492766380310058594e-01,1.604739761352539062e+01
2.556117248535156250e+01,1.061483740806579590e+00,3.205834150314331055e+00
2.489727592468261719e+01,-7.473023414611816406e+00,1.772842788696289062e+01
3.688550186157226562e+01,-9.434056282043457031e+00,4.144803047180175781e+00
3.898289108276367188e+01,-1.375769233703613281e+01,1.211635494232177734e+01
2.604576683044433594e+01,-7.743181228637695312e+00,6.175786495208740234e+00
4.755500030517578125e+01,-1.018318748474121094e+01,1.080212402343750000e+01
3.346578216552734375e+01,1.050289154052734375e+00,1.047154045104980469e+01
4.646694946289062500e+01,-1.402043724060058594e+01,2.134822845458984375e+01
3.675450515747070312e+01,-1.069607162475585938e+01,1.895561790466308594e+01
2.837548446655273438e+01,2.034095048904418945e+00,1.033413314819335938e+01
2.579607391357421875e+01,-5.469933032989501953e+00,1.319563198089599609e+01
3.524461364746093750e+01,-6.362759590148925781e+00,2.448928260803222656e+01
4.521668624877929688e+01,-1.249869537353515625e+01,1.756167221069335938e+01
3.993137741088867188e+01,-1.482739257812500000e+01,8.517254829406738281e+00
2.778399848937988281e+01,2.388484001159667969e+00,1.195429039001464844e+01
2.178097724914550781e+01,-5.370672225952148438e+00,1.104717540740966797e+01
4.065259170532226562e+01,-4.777946472167968750e+00,8.778249740600585938e+00
2.945819091796875000e+01,-8.496032714843750000e+00,1.330548954010009766e+01
3.769913864135742188e+01,-3.758681774139404297e+00,2.009820938110351562e+01
3.164890670776367188e+01,-1.072461700439453125e+01,5.006186008453369141e+00
2.441577529907226562e+01,-1.785761833190917969e+00,1.361030387878417969e+01
3.090946769714355469e+01,-5.655093669891357422e+00,1.076994800567626953e+01
3.681150436401367188e+01,-1.514132595062255859e+01,2.073719978332519531e+01
4.178147506713867188e+01,-4.697038650512695312e+00,2.176998519897460938e+01
2.465682411193847656e+01,-8.412787437438964844e+00,1.132057857513427734e+01
4.382010650634765625e+01,-1.518395137786865234e+01,1.839649009704589844e+01
8.159877657890319824e-01,-9.135089874267578125e+00,-8.359704613685607910e-01
3.241460037231445312e+01,-6.617607593536376953e+00,4.940180778503417969e+00
1.551977157592773438e+00,1.128364467620849609e+01,9.054471969604492188e+00
2.850471496582031250e+01,-3.860636711120605469e+00,1.179428482055664062e+01
4.529273605346679688e+01,-1.678124427795410156e+01,1.336221313476562500e+01
3.649587631225585938e+01,-6.921969413757324219e+00,1.592073249816894531e+01
3.170206260681152344e+01,-1.306022548675537109e+01,2.022029685974121094e+01
4.802388000488281250e+01,-1.572763442993164062e+01,1.904728507995605469e+01
3.514890432357788086e+00,-1.162969303131103516e+01,-1.464754819869995117e+00
1.354052639007568359e+01,-1.766166210174560547e+00,7.458663940429687500e+00
2.838180541992187500e+01,-5.757415294647216797e+00,1.560676383972167969e+01
2.614773750305175781e+01,-3.834411859512329102e+00,9.194710731506347656e+00
3.424923324584960938e+01,-6.560498237609863281e+00,1.040605545043945312e+01
7.890132904052734375e+00,-2.946202516555786133e+00,1.356792640686035156e+01
2.973764610290527344e+01,-1.192667102813720703e+01,1.506022834777832031e+01
3.854710006713867188e+01,-1.270766353607177734e+01,6.330606937408447266e+00
4.538087844848632812e+01,-9.713841438293457031e+00,7.553788185119628906e+00
4.155852127075195312e+01,-1.139988040924072266e+01,4.772867202758789062e+00
3.699154281616210938e+01,-1.934760284423828125e+01,1.881593132019042969e+01
3.747314071655273438e+01,-6.366885662078857422e+00,6.263402938842773438e+00
4.026206588745117188e+01,-8.960023880004882812e+00,1.321890830993652344e+01
2.950379753112792969e+01,-1.217733383178710938e+01,1.144073104858398438e+01
3.937800216674804688e+01,-7.745230197906494141e+00,2.382618522644042969e+01
3.709896469116210938e+01,-1.769080352783203125e+01,1.491046142578125000e+01
2.883370780944824219e+01,-8.452047348022460938e+00,1.835827255249023438e+01
2.964064407348632812e+01,-2.009693145751953125e+00,9.036107063293457031e+00
3.641782760620117188e+01,-7.505366325378417969e+00,2.089188194274902344e+01
4.031779479980468750e+01,-7.953615665435791016e+00,4.597455024719238281e+00
4.217583465576171875e+01,-7.958956718444824219e+00,9.738064765930175781e+00
3.476657867431640625e+01,-3.623368740081787109e+00,3.601920127868652344e+00
2.849340629577636719e+01,-9.235161781311035156e+00,8.460998535156250000e+00
3.238567352294921875e+01,-8.994387626647949219e+00,9.774751663208007812e+00
2.745312690734863281e+01,-4.831879138946533203e+00,1.985019874572753906e+01
4.299886703491210938e+01,-1.726496696472167969e+01,1.556854915618896484e+01
3.964396667480468750e+01,-1.568804168701171875e+01,1.634501647949218750e+01
4.732474517822265625e+01,-7.005570411682128906e+00,1.216019058227539062e+01
4.226656341552734375e+01,-1.128192138671875000e+01,7.705006122589111328e+00
4.622344589233398438e+01,-1.247381591796875000e+01,5.121683597564697266e+00
4.063735961914062500e+01,-1.456114196777343750e+01,2.089265441894531250e+01
4.456605529785156250e+01,-2.054652023315429688e+01,1.329600334167480469e+01
4.529541015625000000e+01,-1.309622478485107422e+01,8.511480331420898438e+00
3.363288116455078125e+01,-2.719101667404174805e+00,1.292819976806640625e+01
4.361301040649414062e+01,-3.829444169998168945e+00,1.176449775695800781e+01
4.179936981201171875e+01,-1.078608226776123047e+01,2.087960624694824219e+01
3.375834655761718750e+01,-1.686175155639648438e+01,1.511066246032714844e+01
2.763380813598632812e+01,-3.698897361755371094e+00,5.322215080261230469e+00
4.506700515747070312e+01,-1.062431335449218750e+01,1.325739002227783203e+01
3.682535934448242188e+01,-1.203439617156982422e+01,2.345114135742187500e+01
2.478729820251464844e+01,1.924878120422363281e+00,2.875028371810913086e+00
4.347931289672851562e+01,-9.103836059570312500e+00,1.876090240478515625e+01
2.665247344970703125e+01,-2.438041925430297852e+00,7.152444720268249512e-01
3.015865135192871094e+01,-2.947672128677368164e+00,-9.770603179931640625e-01
3.958322143554687500e+01,-7.092878818511962891e+00,2.012065887451171875e+01
4.332197570800781250e+01,-1.339141082763671875e+01,1.467756271362304688e+01
3.035399055480957031e+01,3.668887615203857422e+00,8.266033172607421875e+00
3.535226058959960938e+01,-1.264999771118164062e+01,1.191485214233398438e+01
4.674784469604492188e+01,-7.645825862884521484e+00,1.669274330139160156e+01
2.926065444946289062e+01,-6.899745941162109375e+00,3.751531839370727539e+00
3.390311431884765625e+01,-9.921833038330078125e+00,1.758872413635253906e+01
3.769729614257812500e+01,-1.021619892120361328e+01,1.483565235137939453e+01
3.636936950683593750e+01,-1.392259502410888672e+01,1.623348617553710938e+01
3.053515815734863281e+01,-5.603212356567382812e+00,7.202708721160888672e+00
4.238213348388671875e+01,-7.549809932708740234e+00,1.518341159820556641e+01
2.866330909729003906e+01,6.500545144081115723e-01,4.869900047779083252e-01
3.259959030151367188e+01,-6.353102684020996094e+00,1.561610412597656250e+01
3.259959030151367188e+01,-6.353102684020996094e+00,1.561610412597656250e+01
3.484651565551757812e+01,1.436929035186767578e+01,-2.448657417297363281e+01
2.804910659790039062e+01,8.631981849670410156e+00,-2.797478294372558594e+01
2.883212089538574219e+01,4.671246051788330078e+00,-1.567059040069580078e+01
3.847480773925781250e+01,5.984954833984375000e+00,-2.087182426452636719e+01
3.836347961425781250e+01,-1.655045151710510254e+00,-2.421688461303710938e+01
2.261610984802246094e+01,1.165103912353515625e+01,-2.124067306518554688e+01
4.165503311157226562e+01,4.585065841674804688e+00,-2.864569854736328125e+01
3.353437423706054688e+01,2.910913705825805664e+00,-1.820897102355957031e+01
1.992042541503906250e+01,-8.126780390739440918e-01,-1.957589530944824219e+01
3.536896896362304688e+01,2.525091409683227539e+00,-2.671291732788085938e+01
2.484747886657714844e+01,-2.638071298599243164e+00,-2.524039077758789062e+01
2.543728828430175781e+01,2.583971261978149414e+00,-1.550502681732177734e+01
1.463599014282226562e+01,-5.206561684608459473e-01,-2.082136344909667969e+01
2.092016220092773438e+01,-9.728485345840454102e-01,-2.285807418823242188e+01
1.360475349426269531e+01,6.530046939849853516e+00,-2.002305221557617188e+01
2.682314109802246094e+01,7.013391971588134766e+00,-1.642554092407226562e+01
3.601226425170898438e+01,-1.408326387405395508e+00,-1.929572868347167969e+01
3.059205055236816406e+01,-4.055278301239013672e-01,-1.626008796691894531e+01
3.396698379516601562e+01,5.948363780975341797e+00,-2.658539199829101562e+01
2.808537292480468750e+01,1.671736717224121094e+01,9.085347175598144531e+00
3.643307495117187500e+01,1.130191326141357422e+01,-2.773691940307617188e+01
2.377789306640625000e+01,5.314546078443527222e-02,-1.951535415649414062e+01
2.533267211914062500e+01,-1.539310693740844727e+00,-1.469360256195068359e+01
1.193624782562255859e+01,3.693634986877441406e+00,-1.885879135131835938e+01
3.732563018798828125e+01,5.924082756042480469e+00,-2.887421226501464844e+01
2.388281059265136719e+01,3.222239017486572266e+00,-2.257305526733398438e+01
3.943044662475585938e+01,2.189561128616333008e+00,-2.217136573791503906e+01
4.233404922485351562e+01,-3.395407795906066895e-01,-2.308845138549804688e+01
2.373205375671386719e+01,1.460072898864746094e+01,-1.885694885253906250e+01
3.180538558959960938e+01,1.632601356506347656e+01,1.410460853576660156e+01
1.906384086608886719e+01,-3.211927890777587891e+00,-2.662698173522949219e+01
3.347608184814453125e+01,1.783933448791503906e+01,1.620357513427734375e+01
3.295275497436523438e+01,7.900584697723388672e+00,-2.372543716430664062e+01
2.647782516479492188e+01,1.142895221710205078e+01,-2.090621948242187500e+01
2.065463829040527344e+01,9.797981262207031250e+00,-2.601743888854980469e+01
4.196759033203125000e+01,3.415131330490112305e+00,-2.450077438354492188e+01
4.004201507568359375e+01,7.079054355621337891e+00,-2.547890663146972656e+01
2.608730697631835938e+01,-4.989259719848632812e+00,-1.802046585083007812e+01
3.052036285400390625e+01,6.463536739349365234e+00,-1.873126792907714844e+01
2.832627868652343750e+01,-1.261800169944763184e+00,-1.917147636413574219e+01
1.610233688354492188e+01,-5.607499599456787109e+00,-1.644740295410156250e+01
3.445167779922485352e+00,2.190225410461425781e+01,-1.066799044609069824e+00
2.741292953491210938e+01,5.178146839141845703e+00,-2.869825172424316406e+01
1.925259017944335938e+01,-5.846034049987792969e+00,-1.738146400451660156e+01
-7.476402759552001953e+00,-3.928269624710083008e+00,7.860184192657470703e+00
2.832627868652343750e+01,-1.261800169944763184e+00,-1.917147636413574219e+01
2.588576126098632812e+01,-2.859881639480590820e+00,-2.126294517517089844e+01
3.208923721313476562e+01,2.491441071033477783e-01,-2.121518516540527344e+01
2.839278793334960938e+01,8.107370376586914062e+00,-1.300359344482421875e+01
2.950168418884277344e+01,1.088958930969238281e+01,-2.524892044067382812e+01
2.817732238769531250e+01,3.104523420333862305e+00,-2.219933128356933594e+01
2.267776298522949219e+01,1.115542125701904297e+01,-1.794743919372558594e+01
4.171439743041992188e+01,2.645795345306396484e-01,-2.666449737548828125e+01
3.847679519653320312e+01,2.307976722717285156e+00,-2.616527366638183594e+01
3.680411911010742188e+01,5.013837337493896484e+00,-2.496499443054199219e+01
1.376795387268066406e+01,8.974669456481933594e+00,-1.269510459899902344e+01
3.303565979003906250e+01,3.564003705978393555e+00,-2.266106605529785156e+01
1.762247467041015625e+01,5.663636207580566406e+00,-1.797364234924316406e+01
2.422349166870117188e+01,1.249369621276855469e+01,-1.464052963256835938e+01
1.684823036193847656e+01,8.802910804748535156e+00,-2.112134170532226562e+01
2.127157783508300781e+01,5.873920440673828125e+00,-1.710755538940429688e+01
2.354877853393554688e+01,2.246496200561523438e+00,-2.689421653747558594e+01
3.242970275878906250e+01,-3.742214918136596680e+00,-2.074032592773437500e+01
2.335156631469726562e+01,-5.688997745513916016e+00,-2.024541473388671875e+01
2.381773185729980469e+01,8.955971717834472656e+00,-2.142560768127441406e+01
2.226975631713867188e+01,1.113402098417282104e-01,-1.489989948272705078e+01
2.579157066345214844e+01,2.193418025970458984e+00,-1.935656738281250000e+01
3.334191513061523438e+01,-2.150766849517822266e+00,-2.332379150390625000e+01
3.175871658325195312e+01,7.974664211273193359e+00,-1.506773376464843750e+01
2.664543724060058594e+01,5.653944015502929688e+00,-2.434556579589843750e+01
2.752632331848144531e+01,1.878739833831787109e+00,-1.232287025451660156e+01
1.660807609558105469e+01,1.909655809402465820e+00,-1.875228881835937500e+01
2.980734062194824219e+01,2.700099229812622070e+00,-1.977119636535644531e+01
1.446934127807617188e+01,3.268294334411621094e-01,-1.681575584411621094e+01
1.976522636413574219e+01,7.866352558135986328e+00,-1.881561470031738281e+01
2.842567062377929688e+01,-6.747376918792724609e-01,-2.278343200683593750e+01
3.973397445678710938e+01,3.548277854919433594e+00,-1.695777320861816406e+01
3.011087608337402344e+01,1.515826511383056641e+01,1.142297363281250000e+01
3.973397445678710938e+01,3.548277854919433594e+00,-1.695777320861816406e+01
4.107041168212890625e+01,7.529366016387939453e-01,-3.073163795471191406e+01
4.592300796508789062e+01,5.816913023591041565e-02,-2.403399085998535156e+01
2.170821762084960938e+01,-2.895587205886840820e+00,-1.673547172546386719e+01
2.256404304504394531e+01,-8.113006591796875000e+00,-1.759805297851562500e+01
2.902264785766601562e+01,8.125156402587890625e+00,-2.081708335876464844e+01
2.596202850341796875e+01,-6.217616081237792969e+00,-2.402364730834960938e+01
2.966675758361816406e+01,2.035924196243286133e+00,-2.595226860046386719e+01
1.868927574157714844e+01,-5.499110698699951172e+00,-2.045912933349609375e+01
4.257891464233398438e+01,4.698346614837646484e+00,-1.942573356628417969e+01
2.073819923400878906e+01,2.675354003906250000e+00,-2.074501800537109375e+01
3.752507781982421875e+01,1.077765178680419922e+01,-2.513116836547851562e+01
2.996124267578125000e+01,6.038633823394775391e+00,-2.536319541931152344e+01
3.280498886108398438e+01,1.046519470214843750e+01,-2.743647766113281250e+01
1.769595146179199219e+01,4.375893115997314453e+00,-2.286938858032226562e+01
1.690146255493164062e+01,9.230850219726562500e+00,-1.343425178527832031e+01
2.406793022155761719e+01,5.489453792572021484e+00,-2.694073295593261719e+01
1.931277275085449219e+01,8.210171699523925781e+00,-2.352939605712890625e+01
2.916672897338867188e+01,1.039401912689208984e+01,-1.680936241149902344e+01
2.056968879699707031e+01,3.108374357223510742e+00,-2.430222702026367188e+01
3.533198547363281250e+01,1.183628439903259277e+00,-2.274775886535644531e+01
2.827034950256347656e+01,-7.748700618743896484e+00,-2.193098258972167969e+01
-3.304789733886718750e+01,7.756321430206298828e+00,-3.112165927886962891e+00
-5.471437072753906250e+01,-8.601552963256835938e+00,1.839575195312500000e+01
-3.559265136718750000e+01,1.536528301239013672e+01,1.394293904304504395e+00
-3.340803909301757812e+01,5.579565048217773438e+00,-6.916686534881591797e+00
-3.630793380737304688e+01,1.383474159240722656e+01,-4.139183998107910156e+00
-3.538067626953125000e+01,2.354139709472656250e+01,-9.287280082702636719e+00
-4.108649063110351562e+01,3.162227439880371094e+01,-5.846456050872802734e+00
-4.363690948486328125e+01,1.607628631591796875e+01,-1.853483080863952637e+00
-1.360143661499023438e+01,6.131935715675354004e-01,-1.660538101196289062e+01
-3.215184020996093750e+01,8.285174369812011719e+00,-8.625059127807617188e+00
-2.909058380126953125e+01,1.472395896911621094e+01,-8.555211067199707031e+00
-4.078700637817382812e+01,3.151346969604492188e+01,6.051056385040283203e-01
-4.129626846313476562e+01,3.410092544555664062e+01,-1.548328995704650879e+00
-3.433874893188476562e+01,1.604078865051269531e+01,-8.993566513061523438e+00
-3.753327560424804688e+01,1.259043693542480469e+01,2.638327777385711670e-01
-3.891562652587890625e+01,3.608872985839843750e+01,-2.910112857818603516e+00
-3.842494201660156250e+01,1.870004272460937500e+01,6.458507180213928223e-01
-3.720095825195312500e+01,2.544676208496093750e+01,-1.340696811676025391e+01
-2.991905784606933594e+01,1.572138118743896484e+01,-4.387933731079101562e+00
-3.914987564086914062e+01,2.087075424194335938e+01,-2.099602699279785156e+00
-3.775533676147460938e+01,2.647280693054199219e+01,-8.661778450012207031e+00
-3.005496788024902344e+01,2.517155265808105469e+01,-9.461577415466308594e+00
-3.776189804077148438e+01,1.169601821899414062e+01,-6.106435775756835938e+00
-3.632912063598632812e+01,2.381474876403808594e+01,-5.636691093444824219e+00
-3.359296798706054688e+01,2.706843376159667969e+01,-1.182796001434326172e+01
-3.912529754638671875e+01,2.845136833190917969e+01,-6.236458301544189453e+00
-4.325856018066406250e+01,1.868128013610839844e+01,-3.667721748352050781e+00
-4.057720184326171875e+01,3.946164321899414062e+01,-4.734112262725830078e+00
-3.801289367675781250e+01,3.372528076171875000e+01,2.551252543926239014e-01
-3.775046920776367188e+01,3.780746841430664062e+01,-7.351307868957519531e+00
-3.684386825561523438e+01,3.055960273742675781e+01,2.701677083969116211e+00
-3.821147918701171875e+01,3.347605514526367188e+01,-7.396148681640625000e+00
-3.128818130493164062e+01,2.019577789306640625e+01,-8.321463584899902344e+00
-4.135681915283203125e+01,2.727656173706054688e+01,-9.830976486206054688e+00
-3.431267166137695312e+01,3.757111358642578125e+01,-8.880325317382812500e+00
-4.009253311157226562e+01,2.479650115966796875e+01,-5.035322159528732300e-02
-4.000194168090820312e+01,3.515726852416992188e+01,3.405584335327148438e+00
-3.450756454467773438e+01,1.792041969299316406e+01,-6.111030101776123047e+00
-4.231888198852539062e+01,2.843103790283203125e+01,-2.062455654144287109e+00
-3.559031677246093750e+01,3.194871711730957031e+01,-1.139709472656250000e+01
-3.210525131225585938e+01,1.652271270751953125e+01,-1.776852488517761230e+00
-3.834963989257812500e+01,2.936895751953125000e+01,-1.161097908020019531e+01
-4.428218078613281250e+01,2.464859962463378906e+01,-2.081867456436157227e+00
-3.826314926147460938e+01,3.190390777587890625e+01,-3.077212572097778320e+00
-3.981490707397460938e+01,1.662660789489746094e+01,-3.578188657760620117e+00
-3.957399368286132812e+01,2.800134277343750000e+01,1.839244127273559570e+00
-3.122733497619628906e+01,2.074683570861816406e+01,-4.182214736938476562e+00
-2.787288475036621094e+01,1.781738281250000000e+01,-8.521109580993652344e+00
-3.398624801635742188e+01,1.928547859191894531e+01,1.476327657699584961e+00
-3.270839691162109375e+01,2.709077835083007812e+00,-6.066200733184814453e+00
-2.994149398803710938e+01,1.251052474975585938e+01,-1.439066123962402344e+01
-4.238215637207031250e+01,2.656394195556640625e+01,-7.236838340759277344e+00
-3.286211395263671875e+01,1.863656234741210938e+01,-1.252829360961914062e+01
-3.328154754638671875e+01,3.478344345092773438e+01,-7.440405845642089844e+00
-3.620000839233398438e+01,1.746955680847167969e+01,-2.436979293823242188e+00
-4.142184829711914062e+01,2.491026306152343750e+01,2.853477001190185547e+00
-2.723893928527832031e+01,1.455916690826416016e+01,-1.249760246276855469e+01
-3.607711029052734375e+01,1.047172737121582031e+01,-2.804606437683105469e+00
-4.290699005126953125e+01,3.397903060913085938e+01,2.836868047714233398e+00
-3.137404251098632812e+01,1.443091773986816406e+01,-1.205156326293945312e+01
-3.351111984252929688e+01,1.512030124664306641e+01,-6.004419803619384766e+00
-2.554828071594238281e+01,1.415083789825439453e+01,-8.736207008361816406e+00
-3.930006790161132812e+01,2.810979270935058594e+01,-1.787958979606628418e+00
-2.802259445190429688e+01,1.167277812957763672e+01,-1.028831291198730469e+01
-4.223827362060546875e+01,3.273889541625976562e+01,-9.437693595886230469e+00
-3.556724548339843750e+01,3.049495697021484375e+01,-8.839807510375976562e+00
-4.009852600097656250e+01,3.046944427490234375e+01,5.498184204101562500e+00
-3.194328880310058594e+01,1.363400077819824219e+01,-1.673366189002990723e+00
-4.372770309448242188e+01,2.282913017272949219e+01,-3.148839343339204788e-03
-3.556845855712890625e+01,3.177347564697265625e+01,-1.631865620613098145e+00
-4.137209320068359375e+01,1.554018211364746094e+01,-5.971180915832519531e+00
-4.290308380126953125e+01,2.817398452758789062e+01,1.556567311286926270e+00
-2.864596366882324219e+01,2.004285049438476562e+01,-4.142166137695312500e+00
-3.104221916198730469e+01,3.739900970458984375e+01,-1.709380507469177246e+00
-3.471356201171875000e+01,3.588071823120117188e+01,-4.162530422210693359e+00
-3.569151687622070312e+01,3.809306335449218750e+01,-9.148327708244323730e-01
-3.601463317871093750e+01,2.705498695373535156e+01,-1.045987606048583984e+00
-3.296347045898437500e+01,4.033596038818359375e+01,-2.231226205825805664e+00
-3.230143356323242188e+01,3.798079299926757812e+01,-5.968250751495361328e+00
-2.972502517700195312e+01,1.154110431671142578e+01,-5.955737590789794922e+00
-2.478526306152343750e+01,1.650521659851074219e+01,-1.189376068115234375e+01
-3.171808242797851562e+01,3.583004379272460938e+01,2.987390995025634766e+00
-3.075683212280273438e+01,3.286742019653320312e+01,1.923314690589904785e+00
-3.033548164367675781e+01,2.593764305114746094e+01,-1.210043716430664062e+01
-3.073567390441894531e+01,2.127861595153808594e+01,-1.399267387390136719e+01
-3.568180465698242188e+01,3.971791458129882812e+01,-5.106975555419921875e+00
-3.150884246826171875e+01,3.048315811157226562e+01,1.879921555519104004e+00
-3.271281051635742188e+01,1.001412296295166016e+01,-1.216539096832275391e+01
-4.464876556396484375e+01,3.159713935852050781e+01,-3.165820360183715820e+00
-3.790588760375976562e+01,1.670606994628906250e+01,-7.209511280059814453e+00
-3.734651184082031250e+01,2.455771446228027344e+01,2.969246149063110352e+00
-4.068902587890625000e+01,1.943615150451660156e+01,-6.145349502563476562e+00
-3.348329544067382812e+01,1.099630832672119141e+01,-5.347988128662109375e+00
-3.242130661010742188e+01,1.537737560272216797e+01,2.574564456939697266e+00
-4.054362106323242188e+01,2.448114585876464844e+01,-4.397748470306396484e+00
-4.168297195434570312e+01,3.499118423461914062e+01,-5.803426742553710938e+00
-3.634738922119140625e+01,2.086757087707519531e+01,-1.058458518981933594e+01
-3.469190979003906250e+01,1.165042018890380859e+01,-8.476222038269042969e+00
-3.880394744873046875e+01,3.419748306274414062e+01,-1.057928657531738281e+01
-3.844987106323242188e+01,2.297520828247070312e+01,-9.466750144958496094e+00
1.471171951293945312e+01,-3.739762878417968750e+01,1.926372289657592773e+00
7.363770008087158203e+00,-4.081986618041992188e+01,-4.774427890777587891e+00
1.237705612182617188e+01,-3.274297714233398438e+01,-1.157171130180358887e+00
1.252942466735839844e+01,-4.176732254028320312e+01,-4.060801506042480469e+00
1.471806430816650391e+01,-3.948768234252929688e+01,-6.804361939430236816e-01
2.143193435668945312e+01,-3.329458236694335938e+01,-1.397747516632080078e+01
1.418438053131103516e+01,-3.618236160278320312e+01,-3.804417848587036133e+00
1.131618022918701172e+01,-4.338353347778320312e+01,-6.543464183807373047e+00
2.137257385253906250e+01,-3.921643066406250000e+01,-1.343847656250000000e+01
1.744547462463378906e+01,-2.907570648193359375e+01,-9.841856360435485840e-01
1.408537101745605469e+01,-5.363505554199218750e+01,-4.213100910186767578e+00
8.693951606750488281e+00,-3.672412490844726562e+01,2.993997812271118164e+00
7.101756572723388672e+00,-4.573744964599609375e+01,-5.603247642517089844e+00
9.821695327758789062e+00,-4.788664245605468750e+01,-5.300183296203613281e+00
7.244548797607421875e+00,-4.592522048950195312e+01,-9.564062118530273438e+00
1.140355110168457031e+01,-5.158131027221679688e+01,-3.139064073562622070e+00
7.020652770996093750e+00,-4.195702362060546875e+01,-1.098141098022460938e+01
1.520339775085449219e+01,-4.600749588012695312e+01,-6.341169357299804688e+00
6.812847614288330078e+00,-2.228877449035644531e+01,1.308824443817138672e+01
1.407718944549560547e+01,-4.226388168334960938e+01,-9.418873786926269531e+00
1.719719886779785156e+01,-4.379763793945312500e+01,-5.452098846435546875e+00
1.440278053283691406e+01,-4.993445205688476562e+01,-7.595975399017333984e+00
2.574223899841308594e+01,-3.350016784667968750e+01,-1.218248844146728516e+01
1.095958805084228516e+01,-4.573879241943359375e+01,2.334264993667602539e+00
9.979344367980957031e+00,-3.223604202270507812e+01,2.639854669570922852e+00
1.957484245300292969e+01,-4.283206558227539062e+01,-1.844518852233886719e+01
1.118112373352050781e+01,-5.369747543334960938e+01,-5.966929435729980469e+00
1.048633766174316406e+01,-4.002192687988281250e+01,-8.654112815856933594e+00
1.231361770629882812e+01,-3.921667861938476562e+01,4.542524814605712891e+00
2.563931274414062500e+01,-4.292143630981445312e+01,-7.207894802093505859e+00
1.256763839721679688e+01,-3.025114250183105469e+01,2.627411842346191406e+00
1.719864845275878906e+01,-3.977307891845703125e+01,-9.101645469665527344e+00
1.361688423156738281e+01,-3.522411346435546875e+01,-1.612374496459960938e+01
8.347384452819824219e+00,-3.967007446289062500e+01,-1.080573678016662598e+00
1.190558719635009766e+01,-3.613378906250000000e+01,-6.500416278839111328e+00
9.932847976684570312e+00,-4.879569625854492188e+01,-8.826271057128906250e+00
1.769630050659179688e+01,-4.842844390869140625e+01,-7.660166263580322266e+00
1.262229251861572266e+01,-3.530118179321289062e+01,3.591536998748779297e+00
2.384044456481933594e+01,-4.686849212646484375e+01,-1.023940563201904297e+01
1.581803894042968750e+01,-3.135976982116699219e+01,1.598088979721069336e+00
1.142895317077636719e+01,-4.121112060546875000e+01,-1.415412044525146484e+01
7.297180175781250000e+00,-4.038706207275390625e+01,-1.526481342315673828e+01
1.006247997283935547e+01,-3.821186065673828125e+01,-1.623618698120117188e+01
1.481832122802734375e+01,-4.189120101928710938e+01,-1.896889114379882812e+01
9.809214591979980469e+00,-4.382006072998046875e+01,-1.798518371582031250e+01
1.753971862792968750e+01,-3.955751037597656250e+01,-1.938264274597167969e+01
5.529693603515625000e+00,-4.411493682861328125e+01,-2.185527324676513672e+00
9.009857177734375000e+00,-4.405805969238281250e+01,-3.375160455703735352e+00
1.073347377777099609e+01,-3.724571609497070312e+01,7.689306735992431641e-01
8.374008178710937500e+00,-4.341135025024414062e+01,5.047094225883483887e-01
8.325153350830078125e+00,-4.678331375122070312e+01,-5.096645951271057129e-01
1.183461952209472656e+01,-4.559000396728515625e+01,-2.354393005371093750e+00
1.479889106750488281e+01,-4.079699707031250000e+01,-6.716230869293212891e+00
1.229530048370361328e+01,-4.235796356201171875e+01,8.422846198081970215e-01
7.175418853759765625e+00,-4.899567413330078125e+01,-3.374253749847412109e+00
1.125849723815917969e+01,-4.895778274536132812e+01,-3.772679269313812256e-01
1.423152446746826172e+01,-4.822570037841796875e+01,1.095482349395751953e+00
2.063142967224121094e+01,-4.328984832763671875e+01,-5.927877426147460938e+00
1.195384693145751953e+01,-3.455533599853515625e+01,1.105504131317138672e+01
1.311381530761718750e+01,-3.340874099731445312e+01,8.068075180053710938e+00
9.437930107116699219e+00,-3.260968780517578125e+01,6.888953685760498047e+00
1.142895317077636719e+01,-4.121112060546875000e+01,-1.415412044525146484e+01
8.344667434692382812e+00,-3.804205322265625000e+01,-1.315018939971923828e+01
1.006247997283935547e+01,-3.821186065673828125e+01,-1.623618698120117188e+01
1.481832122802734375e+01,-4.189120101928710938e+01,-1.896889114379882812e+01
9.686816215515136719e+00,-4.134013366699218750e+01,-1.977202796936035156e+01
1.708958816528320312e+01,-4.069731521606445312e+01,-1.651440048217773438e+01
2.296589279174804688e+01,-4.357646560668945312e+01,-1.340628051757812500e+01
2.524467468261718750e+01,-3.995286560058593750e+01,-1.120837306976318359e+01
1.949982643127441406e+01,-3.197166633605957031e+01,1.457352787256240845e-01
2.523521614074707031e+01,-3.450431442260742188e+01,-8.220996856689453125e+00
2.133764839172363281e+01,-3.644258880615234375e+01,-1.105932712554931641e+01
1.786350059509277344e+01,-3.847013854980468750e+01,-5.288751125335693359e+00
1.584970951080322266e+01,-4.498339843750000000e+01,-1.153513240814208984e+01
2.303614997863769531e+01,-4.629473114013671875e+01,-6.353817939758300781e+00
8.152253150939941406e+00,-2.211380004882812500e+01,7.642675399780273438e+00
1.681879043579101562e+01,-4.423683166503906250e+01,-1.813130617141723633e+00
1.475854396820068359e+01,-5.144441223144531250e+01,-3.116866648197174072e-01
1.736414146423339844e+01,-4.308393096923828125e+01,-9.186903953552246094e+00
2.042160987854003906e+01,-4.617437362670898438e+01,-8.947727203369140625e+00
2.482717895507812500e+01,-3.716470336914062500e+01,-7.839945793151855469e+00
1.173007297515869141e+01,-3.644781494140625000e+01,7.462017536163330078e+00
1.730362701416015625e+01,-3.554765701293945312e+01,-1.230954360961914062e+01
1.182717895507812500e+01,-4.426898574829101562e+01,-1.092658996582031250e+01
1.881743812561035156e+01,-3.358982849121093750e+01,-1.091105937957763672e+01
1.373084545135498047e+01,-3.840234375000000000e+01,-1.059623241424560547e+01
2.004768562316894531e+01,-3.667692565917968750e+01,-1.583634281158447266e+01
6.614856719970703125e+00,-4.976490783691406250e+01,-7.379126548767089844e+00
2.368750572204589844e+01,-4.103173446655273438e+01,-1.675061988830566406e+01
1.576770496368408203e+01,-2.614492225646972656e+01,1.271949768066406250e+00
1.616906166076660156e+01,-3.314457702636718750e+01,-1.027592420578002930e+00
2.302564811706542969e+01,-3.496206283569335938e+01,-4.935219764709472656e+00
2.343361854553222656e+01,-3.417066192626953125e+01,-1.543503379821777344e+01
1.446474266052246094e+01,-4.876260375976562500e+01,-3.928775787353515625e+00
1.190558719635009766e+01,-3.613378906250000000e+01,-6.500416278839111328e+00
1.983881568908691406e+01,-3.444723129272460938e+01,-7.904136180877685547e+00
2.369184303283691406e+01,-4.282371902465820312e+01,-9.947706222534179688e+00
1.958660888671875000e+01,-3.858705902099609375e+01,-2.079070568084716797e+00
-6.254359483718872070e-01,-2.439283943176269531e+01,-7.101014614105224609e+00
2.202732086181640625e+01,-4.010030364990234375e+01,-8.528637886047363281e+00
1.836812782287597656e+01,1.546370124816894531e+01,1.967048645019531250e+01
3.202942276000976562e+01,3.355579757690429688e+01,1.936704063415527344e+01
1.883668327331542969e+01,1.063370800018310547e+01,1.323493957519531250e+01
1.325809288024902344e+01,1.937308883666992188e+01,1.594279384613037109e+01
1.166012287139892578e+01,1.020518684387207031e+01,1.932959938049316406e+01
1.022611427307128906e+01,3.627526998519897461e+00,1.538197231292724609e+01
7.898895263671875000e+00,5.757943630218505859e+00,1.527038288116455078e+01
9.970611572265625000e+00,7.513765692710876465e-01,1.724292755126953125e+01
1.030194854736328125e+01,1.233461093902587891e+01,1.756570434570312500e+01
1.555737113952636719e+01,1.602293014526367188e+01,1.384464550018310547e+01
-1.392028331756591797e+01,-1.622412681579589844e+01,8.590987205505371094e+00
7.025514125823974609e+00,-1.659573793411254883e+00,1.632750892639160156e+01
7.478535175323486328e+00,9.157358169555664062e+00,1.816245841979980469e+01
1.103465938568115234e+01,8.244862556457519531e+00,1.529402542114257812e+01
1.316665458679199219e+01,6.118474960327148438e+00,1.770135307312011719e+01
2.265489387512207031e+01,2.449400711059570312e+01,1.303377151489257812e+01
2.221051979064941406e+01,1.868988800048828125e+01,1.450563144683837891e+01
4.036095619201660156e+00,-1.231098556518554688e+01,1.892714691162109375e+01
1.370564365386962891e+01,1.632035827636718750e+01,2.015080642700195312e+01
1.784359741210937500e+01,1.980231475830078125e+01,1.341767406463623047e+01
1.956121444702148438e+01,2.898019790649414062e+01,2.222449302673339844e+01
1.959410667419433594e+01,2.897283172607421875e+01,1.653223800659179688e+01
2.288446617126464844e+01,2.289749526977539062e+01,1.564223480224609375e+01
2.001716423034667969e+01,3.278553771972656250e+01,2.260654830932617188e+01
3.039393806457519531e+01,2.070194625854492188e+01,1.439370822906494141e+01
1.634659767150878906e+01,2.550090789794921875e+01,1.465724849700927734e+01
1.295358085632324219e+01,2.101003837585449219e+01,2.212180328369140625e+01
1.893862724304199219e+01,2.369778823852539062e+01,1.122007656097412109e+01
2.492918586730957031e+01,2.637732315063476562e+01,1.566374301910400391e+01
2.326173019409179688e+01,3.039624023437500000e+01,1.525314617156982422e+01
2.285171318054199219e+01,1.883654403686523438e+01,2.188929367065429688e+01
2.016275596618652344e+01,1.824434852600097656e+01,2.289550590515136719e+01
2.106078720092773438e+01,3.009774017333984375e+01,2.558020782470703125e+01
1.173135375976562500e+01,1.208816719055175781e+01,1.412205982208251953e+01
2.109698295593261719e+01,2.775701904296875000e+01,1.400945568084716797e+01
2.100621032714843750e+01,2.174372482299804688e+01,2.317550086975097656e+01
1.808382987976074219e+01,1.712270164489746094e+01,1.655682754516601562e+01
1.914295387268066406e+01,2.226946640014648438e+01,1.511957263946533203e+01
2.456736755371093750e+01,2.925299453735351562e+01,1.945476913452148438e+01
1.380162143707275391e+01,2.761753082275390625e+01,2.474319076538085938e+01
1.551378965377807617e+00,-6.413262367248535156e+00,1.992662811279296875e+01
1.004450607299804688e+01,6.692259311676025391e+00,1.888154029846191406e+01
2.735278129577636719e+01,2.224823760986328125e+01,1.205312156677246094e+01
1.827861213684082031e+01,8.306831359863281250e+00,1.581430816650390625e+01
3.452976226806640625e+01,2.431844711303710938e+01,1.720400810241699219e+01
2.780584144592285156e+01,2.073581123352050781e+01,1.988902091979980469e+01
2.703760910034179688e+01,1.785710716247558594e+01,1.996545028686523438e+01
2.470416450500488281e+01,2.522184371948242188e+01,2.002404594421386719e+01
2.485450935363769531e+01,3.125249481201171875e+01,2.513631820678710938e+01
1.400220203399658203e+01,9.255529403686523438e+00,1.648814773559570312e+01
2.185982131958007812e+01,1.515246009826660156e+01,1.611409378051757812e+01
1.787317466735839844e+01,2.750951957702636719e+01,2.468151855468750000e+01
3.175325584411621094e+01,3.189469146728515625e+01,2.257479476928710938e+01
8.172019958496093750e+00,1.057571530342102051e+00,1.411578845977783203e+01
2.089405059814453125e+01,2.491052246093750000e+01,1.770780563354492188e+01
3.194097518920898438e+01,2.786293792724609375e+01,2.207711410522460938e+01
3.245073318481445312e+01,2.331947517395019531e+01,2.068924713134765625e+01
3.006717109680175781e+01,3.064097213745117188e+01,2.010930252075195312e+01
2.294974708557128906e+01,1.684343528747558594e+01,1.195903968811035156e+01
3.207775497436523438e+01,2.453149795532226562e+01,2.356279373168945312e+01
2.089405059814453125e+01,2.491052246093750000e+01,1.770780563354492188e+01
3.105424499511718750e+01,2.001465797424316406e+01,1.831995391845703125e+01
2.614501190185546875e+01,1.407877445220947266e+01,1.661772918701171875e+01
7.146927833557128906e+00,2.664649248123168945e+00,1.738090705871582031e+01
1.471220779418945312e+01,1.044883060455322266e+01,1.347245883941650391e+01
2.210163879394531250e+01,2.018731880187988281e+01,1.144028949737548828e+01
1.574114990234375000e+01,1.947844886779785156e+01,2.003600883483886719e+01
2.758049392700195312e+01,3.331148529052734375e+01,2.187841606140136719e+01
3.395210647583007812e+01,1.886987495422363281e+01,1.221438217163085938e+01
2.676356506347656250e+01,1.787912178039550781e+01,1.283093166351318359e+01
2.448083114624023438e+01,1.971821594238281250e+01,1.804925537109375000e+01
2.758049392700195312e+01,3.331148529052734375e+01,2.187841606140136719e+01
1.377757263183593750e+01,1.293237972259521484e+01,1.116301536560058594e+01
1.478757286071777344e+01,3.123989105224609375e+01,2.076766395568847656e+01
1.305303573608398438e+01,8.373346328735351562e+00,1.104266357421875000e+01
2.447362327575683594e+01,3.458221054077148438e+01,2.254547882080078125e+01
2.851980972290039062e+01,2.446680068969726562e+01,1.397504329681396484e+01
3.499668121337890625e+01,2.641141319274902344e+01,2.075502586364746094e+01
3.396066665649414062e+01,2.877721977233886719e+01,1.852381515502929688e+01
-2.377622604370117188e+00,-5.305690288543701172e+00,1.217116928100585938e+01
2.703165626525878906e+01,2.619454002380371094e+01,1.829653167724609375e+01
1.207257461547851562e+01,2.174105644226074219e+01,1.466325092315673828e+01
1.856248664855957031e+01,1.250993156433105469e+01,1.703401565551757812e+01
1.469578552246093750e+01,1.348870563507080078e+01,1.741882133483886719e+01
1.967660713195800781e+01,2.044097518920898438e+01,1.987203788757324219e+01
2.681859970092773438e+01,2.251504898071289062e+01,1.620689201354980469e+01
1.587015628814697266e+01,2.825786972045898438e+01,2.126449966430664062e+01
1.280306053161621094e+01,2.628903007507324219e+01,2.073273277282714844e+01
1.757581329345703125e+01,3.209794998168945312e+01,2.589288139343261719e+01
2.262338829040527344e+01,3.169643211364746094e+01,1.881810379028320312e+01
1.163869476318359375e+01,2.426098251342773438e+01,1.877372932434082031e+01
3.138341522216796875e+01,2.551919555664062500e+01,1.732864379882812500e+01
2.906972503662109375e+01,1.732527923583984375e+01,1.690035247802734375e+01
2.986444473266601562e+01,3.258030700683593750e+01,1.572209167480468750e+01
1.088895797729492188e+01,2.013453292846679688e+01,1.815284156799316406e+01
1.896046638488769531e+01,1.502011966705322266e+01,1.442491340637207031e+01
1.731322097778320312e+01,2.442422103881835938e+01,2.189473152160644531e+01
2.935132789611816406e+01,2.502790832519531250e+01,2.139884567260742188e+01
1.495196342468261719e+01,2.939953804016113281e+01,1.794067382812500000e+01
1.614961051940917969e+01,2.234394645690917969e+01,1.768677330017089844e+01
1.311078310012817383e+00,3.084369277954101562e+01,-1.514020729064941406e+01
5.348826885223388672e+00,1.973415756225585938e+01,-1.463562965393066406e+01
1.126200580596923828e+01,1.754369926452636719e+01,-9.211516380310058594e+00
2.346884727478027344e+00,4.318712615966796875e+01,-1.026719093322753906e+01
1.797966122627258301e+00,3.423793029785156250e+01,-1.339897251129150391e+01
4.800998210906982422e+00,3.649929046630859375e+01,-3.990696430206298828e+00
6.002586841583251953e+00,1.886239624023437500e+01,-8.250190734863281250e+00
5.420653820037841797e+00,3.593812942504882812e+01,-1.189181613922119141e+01
2.368314743041992188e+00,2.449143218994140625e+01,-2.987921476364135742e+00
8.796033859252929688e+00,3.925344467163085938e+01,-1.349824523925781250e+01
9.912178993225097656e+00,2.179240417480468750e+01,-4.662873744964599609e+00
7.870784282684326172e+00,3.910470199584960938e+01,-5.730228900909423828e+00
1.285442256927490234e+01,3.277729034423828125e+01,-3.836000204086303711e+00
2.403987646102905273e+00,3.519466018676757812e+01,-5.279731273651123047e+00
-3.140722513198852539e-01,4.167267227172851562e+01,-6.331950187683105469e+00
6.831446170806884766e+00,3.511491012573242188e+01,-7.179929256439208984e+00
8.073785781860351562e+00,2.072856330871582031e+01,-1.060648059844970703e+01
5.117171764373779297e+00,2.934599685668945312e+01,-9.727723121643066406e+00
7.096084117889404297e+00,2.467270278930664062e+01,-9.732395172119140625e+00
8.327113151550292969e+00,3.005258560180664062e+01,-4.436245918273925781e+00
4.263430118560791016e+00,3.300568771362304688e+01,-1.598289489746093750e+01
4.865097999572753906e+00,1.726196670532226562e+01,-1.158674812316894531e+01
1.856444931030273438e+01,1.227254962921142578e+01,-9.481842994689941406e+00
1.169141101837158203e+01,3.792235565185546875e+01,-1.614600181579589844e+00
5.304411888122558594e+00,3.240032196044921875e+01,-1.235146045684814453e+01
5.309177398681640625e+00,3.941603088378906250e+01,-1.249949741363525391e+01
1.163478851318359375e+01,3.501947402954101562e+01,-8.611701011657714844e+00
1.120526409149169922e+01,2.252146339416503906e+01,-8.752937316894531250e+00
4.429215431213378906e+00,2.677430152893066406e+01,-7.563028335571289062e+00
1.359000015258789062e+01,2.814166259765625000e+01,-9.176164627075195312e+00
1.074376678466796875e+01,2.606686592102050781e+01,-1.180766582489013672e+01
7.748542785644531250e+00,2.958644485473632812e+01,-1.314635467529296875e+01
1.342446899414062500e+01,2.543463897705078125e+01,-6.933980464935302734e+00
7.352637290954589844e+00,2.635596466064453125e+01,-1.249410343170166016e+01
1.393888378143310547e+01,2.593528938293457031e+01,-1.496995735168457031e+01
1.564352512359619141e+01,2.586555862426757812e+01,-1.185231494903564453e+01
1.006999206542968750e+01,2.260640335083007812e+01,-1.470455932617187500e+01
9.735695838928222656e+00,2.679510116577148438e+01,-1.486582469940185547e+01
2.116374254226684570e+00,3.290628051757812500e+01,-1.030304813385009766e+01
1.602865600585937500e+01,1.230938339233398438e+01,-1.138926506042480469e+01
7.207594394683837891e+00,1.568048858642578125e+01,-9.246276855468750000e+00
7.629355907440185547e+00,2.725989151000976562e+01,-2.015314340591430664e+00
1.115778636932373047e+01,4.030806350708007812e+01,-5.619397640228271484e+00
-1.997739434242248535e+00,3.230220031738281250e+01,-1.400904273986816406e+01
5.527702808380126953e+00,2.740761947631835938e+01,-1.647502326965332031e+01
-2.458845853805541992e+00,4.197802734375000000e+01,-1.212926769256591797e+01
7.460933208465576172e+00,2.120803833007812500e+01,-7.184233665466308594e+00
4.766224384307861328e+00,2.882955551147460938e+01,2.660864353179931641e+00
5.149284362792968750e+00,3.003171539306640625e+01,-6.274545192718505859e-01
-2.221402376890182495e-01,2.135556411743164062e+01,-1.141368865966796875e+01
2.136281490325927734e+00,3.963994979858398438e+01,-1.530972194671630859e+01
3.563690185546875000e+01,2.957858657836914062e+01,2.328490066528320312e+01
1.437716674804687500e+01,3.746955490112304688e+01,-1.354855442047119141e+01
1.573101520538330078e+01,3.563222885131835938e+01,-1.148237323760986328e+01
1.501115560531616211e+00,4.272700500488281250e+01,-1.294699192047119141e+01
1.606096076965332031e+01,1.991643714904785156e+01,-1.233402824401855469e+01
4.297059535980224609e+00,4.018027877807617188e+01,-5.789473056793212891e+00
4.529770374298095703e+00,2.304636573791503906e+01,-4.213883876800537109e+00
-3.934954643249511719e+00,3.996075439453125000e+01,-9.408002853393554688e+00
1.567810535430908203e+00,2.771332931518554688e+01,-1.984876251220703125e+01
3.595026254653930664e+00,2.205783843994140625e+01,-1.037970733642578125e+01
7.897784233093261719e+00,4.118597412109375000e+01,-9.674664497375488281e+00
1.121241950988769531e+01,1.877279281616210938e+01,-1.333567619323730469e+01
2.056781053543090820e+00,1.801932716369628906e+01,-8.226451873779296875e+00
-1.152487277984619141e+00,4.345922088623046875e+01,-9.059275627136230469e+00
8.551942825317382812e+00,3.600792312622070312e+01,-2.717894315719604492e+00
1.373941707611083984e+01,2.888053512573242188e+01,-4.942308902740478516e+00
8.267603874206542969e+00,2.539124679565429688e+01,-6.050457954406738281e+00
4.595283031463623047e+00,3.147624588012695312e+01,-6.787670135498046875e+00
-1.020968794822692871e+00,2.869565963745117188e+01,-1.194577598571777344e+01
1.188763976097106934e+00,2.106007766723632812e+01,-5.306107997894287109e+00
4.500440597534179688e+00,3.856874084472656250e+01,-8.467463493347167969e+00
1.049851036071777344e+01,3.507995986938476562e+01,-1.277431392669677734e+01
1.134553623199462891e+01,1.170428872108459473e+00,-1.611016273498535156e+01
1.326153659820556641e+01,3.190484285354614258e+00,-1.535671329498291016e+01
3.543138980865478516e+00,2.804069519042968750e+01,-1.300644016265869141e+01
1.731576800346374512e+00,3.833660507202148438e+01,-9.763648986816406250e+00
7.363628864288330078e+00,3.099593734741210938e+01,1.919182300567626953e+00
8.999940872192382812e+00,3.981436920166015625e+01,-1.433136820793151855e+00
1.199917984008789062e+01,3.137416648864746094e+01,-1.330785655975341797e+01
1.367242145538330078e+01,3.833761215209960938e+01,-7.529510498046875000e+00
1.139409542083740234e+01,3.867653656005859375e+01,-9.859311103820800781e+00
1.139409542083740234e+01,3.867653656005859375e+01,-9.859311103820800781e+00
4.634583294391632080e-01,1.565071010589599609e+01,-1.140395545959472656e+01
9.284985661506652832e-01,2.538236618041992188e+01,-1.051146125793457031e+01
-2.827210128307342529e-01,3.845899200439453125e+01,-4.432264328002929688e+00
1.063792133331298828e+01,4.391945648193359375e+01,-1.238582420349121094e+01
6.836913108825683594e+00,4.374917602539062500e+01,-1.328182792663574219e+01
9.255886077880859375e+00,3.209785842895507812e+01,-1.618276596069335938e+01
6.191088557243347168e-01,2.987796974182128906e+01,-3.517304897308349609e+00
1.430820178985595703e+01,2.273458480834960938e+01,-1.421402359008789062e+01
8.494040489196777344e+00,2.864884948730468750e+01,-8.916471481323242188e+00
8.833338737487792969e+00,3.134702491760253906e+01,-9.588886260986328125e+00
8.803201317787170410e-01,3.593161773681640625e+01,-1.715108299255371094e+01
2.017470598220825195e+00,2.289828681945800781e+01,-1.352841949462890625e+01
2.869707584381103516e+00,3.048312759399414062e+01,-1.807807540893554688e+01
4.049809932708740234e+00,3.322117233276367188e+01,-2.076001882553100586e+00
1.802641391754150391e+00,1.811968040466308594e+01,-1.344965076446533203e+01
9.638947248458862305e-01,2.508118057250976562e+01,-6.456632614135742188e+00
-5.149151086807250977e-01,2.827233314514160156e+01,-8.305147171020507812e+00
3.385711610317230225e-01,-2.092844390869140625e+01,1.157037639617919922e+01
5.047750473022460938e+00,-1.974183464050292969e+01,9.543721199035644531e+00
-2.594301795959472656e+01,6.527662754058837891e+00,-3.097743988037109375e+01
9.983652234077453613e-01,-1.503073120117187500e+01,6.357005119323730469e+00
4.603847026824951172e+00,-2.240845298767089844e+01,7.048772811889648438e+00
1.044191932678222656e+01,-1.243386268615722656e+01,1.811465644836425781e+01
8.829851150512695312e-01,-1.538592147827148438e+01,1.228531360626220703e+01
2.231082201004028320e+00,-1.896724700927734375e+01,1.432676506042480469e+01
1.088372802734375000e+01,-1.403336811065673828e+01,1.585385322570800781e+01
4.413350820541381836e-01,-1.770251655578613281e+01,9.733781814575195312e+00
-8.064687728881835938e+00,-1.689733123779296875e+01,7.472410678863525391e+00
5.308333396911621094e+00,-1.680661201477050781e+01,7.430248260498046875e+00
-7.187933444976806641e+00,-2.460593223571777344e+01,-3.719795227050781250e+00
-1.035380244255065918e+00,-1.971516799926757812e+01,-1.727735757827758789e+00
-7.610282421112060547e+00,-2.114498519897460938e+01,-2.281992673873901367e+00
1.009401035308837891e+01,1.438247776031494141e+01,-1.141708850860595703e+01
9.329913139343261719e+00,-3.467745971679687500e+01,9.763000488281250000e+00
5.743587017059326172e+00,-2.975876808166503906e+01,1.705930709838867188e+01
-6.523173332214355469e+00,-2.220287513732910156e+01,3.395484447479248047e+00
5.043270111083984375e+00,-3.044460105895996094e+01,7.874567985534667969e+00
3.904263734817504883e+00,-1.933409118652343750e+01,1.889327430725097656e+01
-1.064091444015502930e+00,-1.869869804382324219e+01,1.825654411315917969e+01
5.542056560516357422e+00,-2.071740531921386719e+01,2.150276565551757812e+01
6.972374439239501953e+00,-2.034493637084960938e+01,1.749888229370117188e+01
4.495722770690917969e+00,-2.280419731140136719e+01,1.825706863403320312e+01
2.362132549285888672e+00,-2.783200645446777344e+01,1.154716682434082031e+01
-5.138190269470214844e+00,-2.778251838684082031e+01,1.225176811218261719e+01
4.515177726745605469e+00,-2.606959915161132812e+01,8.703136444091796875e+00
-4.355665683746337891e+00,-2.131611061096191406e+01,8.024920225143432617e-01
1.689563632011413574e+00,-3.048460578918457031e+01,1.304605293273925781e+01
-2.372859954833984375e+00,-1.605684852600097656e+01,1.912680029869079590e+00
4.775461578369140625e+01,-1.413431167602539062e+01,1.440664482116699219e+01
-4.604848384857177734e+00,-1.817329406738281250e+01,3.949250459671020508e+00
1.159276843070983887e+00,-1.127802944183349609e+01,1.497819519042968750e+01
4.028851509094238281e+00,-2.563295555114746094e+01,1.312449169158935547e+01
7.756452560424804688e+00,-1.872551918029785156e+01,6.648922920227050781e+00
5.322540760040283203e+00,-2.618380928039550781e+01,1.724099922180175781e+01
-5.749135017395019531e+00,-2.590191268920898438e+01,7.201102256774902344e+00
2.131454944610595703e+00,-1.923315429687500000e+01,2.946326732635498047e+00
1.031237792968750000e+01,-1.821214294433593750e+01,2.011071395874023438e+01
-2.012263059616088867e+00,-2.400583267211914062e+01,-1.148983001708984375e+00
-1.963589072227478027e+00,-2.342665100097656250e+01,7.514974594116210938e+00
-5.638010501861572266e+00,-2.565192031860351562e+01,-1.291514337062835693e-01
2.292123734951019287e-01,-2.555500411987304688e+01,3.374020576477050781e+00
3.256779670715332031e+00,-8.027768135070800781e+00,1.865972137451171875e+01
-6.442520022392272949e-01,-2.659781837463378906e+01,1.730294227600097656e+01
9.580678343772888184e-01,-2.026124000549316406e+01,2.174715995788574219e+01
1.700784206390380859e+00,-2.198018836975097656e+01,2.960441112518310547e-01
6.976341247558593750e+00,-1.731081390380859375e+01,1.904887390136718750e+01
4.865000247955322266e+00,-1.360874748229980469e+01,1.556554031372070312e+01
6.109075546264648438e+00,-1.369062137603759766e+01,9.225928306579589844e+00
-1.400609493255615234e+00,-1.989490699768066406e+01,4.099696159362792969e+00
-1.894388556480407715e+00,-1.439592647552490234e+01,7.590219974517822266e+00
4.569035530090332031e+00,-1.498665714263916016e+01,-7.316708564758300781e-01
4.393128395080566406e+00,-1.131112957000732422e+01,2.303603363037109375e+01
4.641519069671630859e+00,-1.687281799316406250e+01,1.636628341674804688e+01
5.851649761199951172e+00,-1.685863876342773438e+01,-2.121458053588867188e+00
-5.248339381068944931e-03,-1.706485748291015625e+01,2.572358131408691406e+01
2.414619207382202148e+00,-1.476591205596923828e+01,2.256180953979492188e+01
6.143624305725097656e+00,-1.655226707458496094e+01,1.328600883483886719e+01
2.012967109680175781e+00,-1.803077125549316406e+01,2.412688064575195312e+01
-1.439096260070800781e+01,-2.708836555480957031e+01,-2.221615910530090332e-01
-2.291018724441528320e+00,-1.164539527893066406e+01,7.059721469879150391e+00
-4.038514614105224609e+00,-1.445520210266113281e+01,1.247591400146484375e+01
-5.543773651123046875e+00,-3.043537521362304688e+01,2.248577117919921875e+00
-2.749258518218994141e+00,-2.676557540893554688e+01,9.038290977478027344e+00
-1.171747970581054688e+01,-2.647498512268066406e+01,1.672189235687255859e+00
-8.362790107727050781e+00,-2.093881416320800781e+01,1.210707783699035645e+00
-1.471063494682312012e+00,-2.792501258850097656e+01,1.380699348449707031e+01
-5.604136466979980469e+00,-2.952944946289062500e+01,8.476155281066894531e+00
-8.218450546264648438e+00,-2.681124496459960938e+01,9.133914947509765625e+00
-9.190049171447753906e+00,-2.436452102661132812e+01,-3.785975575447082520e-01
-5.849418640136718750e+00,-1.786886596679687500e+01,9.805874824523925781e-01
-2.404772043228149414e+00,-2.383898353576660156e+01,3.028872489929199219e+00
-2.172684669494628906e+00,-2.433859252929687500e+01,1.155517768859863281e+01
-8.581818580627441406e+00,-2.757587814331054688e+01,-1.286328911781311035e+00
-1.094506645202636719e+01,-1.710060501098632812e+01,6.046541690826416016e+00
-4.112387180328369141e+00,-2.287738227844238281e+01,-3.455875396728515625e+00
-9.108186721801757812e+00,-1.932370567321777344e+01,4.509561061859130859e+00
-1.889735817909240723e+00,-2.967291641235351562e+01,1.033862018585205078e+01
1.580452173948287964e-01,-2.658073425292968750e+01,7.530870914459228516e+00
-2.379158735275268555e+00,-2.801067924499511719e+01,5.064320564270019531e+00
1.119614601135253906e+00,-2.999523544311523438e+01,7.634948730468750000e+00
-6.187464237213134766e+00,-2.925112915039062500e+01,1.522139644622802734e+01
-3.200238943099975586e+00,-3.171967315673828125e+01,1.322936820983886719e+01
1.374327898025512695e+00,-2.064441680908203125e+01,1.719144058227539062e+01
-7.671362400054931641e+00,-2.583682060241699219e+01,3.748086214065551758e+00
7.550053119659423828e+00,-2.865830230712890625e+01,1.459483528137207031e+01
-8.483048677444458008e-01,-2.719265556335449219e+01,4.373221993446350098e-01
-1.056845951080322266e+01,-2.649916839599609375e+01,5.933188915252685547e+00
-9.969085693359375000e+00,-7.936808586120605469e+00,-2.674137878417968750e+01
8.960859298706054688e+00,-3.188633155822753906e+01,1.758587265014648438e+01
1.129193878173828125e+01,-2.922051429748535156e+01,1.512015533447265625e+01
9.688488006591796875e+00,-1.783261680603027344e+01,1.542019557952880859e+01
1.076786899566650391e+01,-3.076488494873046875e+01,1.044110965728759766e+01
1.017287135124206543e+00,-2.464327621459960938e+01,1.503181266784667969e+01
9.564228057861328125e+00,-2.662619781494140625e+01,1.731643676757812500e+01
5.966318130493164062e+00,-3.102645683288574219e+01,1.376467704772949219e+01
-4.967595100402832031e+00,-1.331019687652587891e+01,1.691779899597167969e+01
9.820270538330078125e+00,-2.129155349731445312e+01,1.250170898437500000e+01
