label,x,y,z
blues,-13.027976036071777,9.43387508392334,-24.794889450073242
blues,-17.217493057250977,2.647193670272827,-15.776933670043945
blues,-12.293944358825684,6.0924882888793945,-24.741785049438477
blues,-8.650653839111328,-0.45596885681152344,-22.24733543395996
blues,-5.563728332519531,5.158859729766846,-12.118810653686523
blues,-11.252480506896973,8.629556655883789,-27.673629760742188
blues,-15.094138145446777,8.322882652282715,-27.04022979736328
blues,-12.680320739746094,0.3816295862197876,-26.879695892333984
blues,-15.249784469604492,0.8806315064430237,-24.11044692993164
blues,-5.2034807205200195,0.645997166633606,-12.889139175415039
blues,-12.013385772705078,7.63661527633667,-31.391386032104492
blues,-5.117312908172607,-4.508753299713135,-21.547855377197266
blues,-2.34652042388916,5.298668384552002,-16.301349639892578
blues,-2.2421488761901855,1.0558676719665527,-16.918359756469727
blues,-9.359045028686523,7.6548357009887695,-15.557580947875977
blues,-1.7695322036743164,2.3980908393859863,-13.62827205657959
blues,-1.3836472034454346,5.294644832611084,-20.18308448791504
blues,-4.626531600952148,4.667471885681152,-19.578205108642578
blues,-5.86426305770874,7.159643650054932,-16.8199405670166
blues,-5.0391645431518555,3.067793607711792,-15.856073379516602
blues,-1.8074795007705688,-1.3117977380752563,-13.545209884643555
blues,-8.516048431396484,4.865377902984619,-21.511695861816406
blues,-9.217894554138184,8.641594886779785,-23.32659149169922
blues,-3.1935386657714844,8.493496894836426,-19.03927230834961
blues,-5.354656219482422,6.954774856567383,-22.137969970703125
blues,-10.572988510131836,7.924928188323975,-20.338394165039062
blues,-8.24507999420166,4.8211750984191895,-17.991640090942383
blues,-11.171175956726074,11.514410972595215,-21.04341697692871
blues,-6.800834655761719,9.198020935058594,-20.098005294799805
blues,-5.6794867515563965,-6.781248092651367,-12.127647399902344
blues,-1.1746445894241333,-11.585296630859375,-14.082032203674316
blues,-6.5456671714782715,-8.845298767089844,-15.48039722442627
blues,-3.314568281173706,-4.815863609313965,-16.41001319885254
blues,-3.201491594314575,-9.94725513458252,-17.153194427490234
blues,-6.522130489349365,-5.004517078399658,-14.95292854309082
blues,-0.18093256652355194,-8.3140230178833,-12.49333381652832
blues,0.09817486256361008,-5.3707756996154785,-15.294832229614258
blues,-2.7637856006622314,-4.2848076820373535,-11.955392837524414
blues,-1.1201128959655762,-6.749786376953125,-18.917343139648438
blues,-2.9563863277435303,-7.591378211975098,-14.610251426696777
blues,-20.058191299438477,-2.849822998046875,-25.84305191040039
blues,-18.04694938659668,-6.908742427825928,-23.179550170898438
blues,-14.794793128967285,-8.488313674926758,-22.54948616027832
blues,-14.694225311279297,-19.561365127563477,3.1120147705078125
blues,-9.923746109008789,-8.3620023727417,-20.142248153686523
blues,-4.813870429992676,-13.325114250183105,-14.913948059082031
blues,-11.29068660736084,-11.503872871398926,-18.491193771362305
blues,-14.912633895874023,-10.868975639343262,-17.205326080322266
blues,-19.80127716064453,-4.3706955909729,-22.204601287841797
blues,-11.464765548706055,-8.321234703063965,-16.608312606811523
blues,-24.344327926635742,-2.235593557357788,-28.02721405029297
blues,-16.159160614013672,-3.9773597717285156,-23.64344024658203
blues,-15.049907684326172,-5.606664657592773,-28.895475387573242
blues,-23.60809326171875,0.5336894989013672,-30.274669647216797
blues,-24.82482147216797,-4.445664882659912,-24.74567413330078
blues,-19.967714309692383,-1.0175124406814575,-29.482898712158203
blues,-17.71360206604004,-6.804718017578125,-27.315353393554688
blues,-26.641794204711914,-0.3074057102203369,-26.161340713500977
blues,-23.108566284179688,1.7312604188919067,-26.99675178527832
blues,-26.914100646972656,0.9663577675819397,-30.0737361907959
blues,-23.132875442504883,-1.252549409866333,-24.627466201782227
blues,-16.38631820678711,-3.2737176418304443,-34.15142822265625
blues,-10.409173965454102,-5.073094844818115,-28.07974624633789
blues,-16.876365661621094,0.7221413254737854,-31.780546188354492
blues,-20.005220413208008,2.3113181591033936,-36.37205505371094
blues,-16.299827575683594,-1.4994168281555176,-29.951196670532227
blues,-17.56956672668457,3.482213020324707,-28.90952491760254
blues,-16.22364616394043,3.845599412918091,-25.782669067382812
blues,-20.211851119995117,2.09686279296875,-31.46733856201172
blues,-8.76549243927002,5.079355716705322,-26.369075775146484
blues,-14.147951126098633,4.902446269989014,-30.718616485595703
blues,-19.842952728271484,-2.3683652877807617,-33.89577102661133
blues,-17.754241943359375,0.029570266604423523,-36.45903396606445
blues,-17.602760314941406,0.5628811717033386,-26.250585556030273
blues,-13.425532341003418,-19.030345916748047,-1.3993011713027954
blues,-26.27496337890625,4.269800662994385,-27.926666259765625
blues,-20.201812744140625,2.5328454971313477,-24.74987030029297
blues,-22.72760581970215,5.610280990600586,-30.03706932067871
blues,-14.103528022766113,-0.5672484040260315,-33.462650299072266
blues,-18.449247360229492,-5.20249605178833,-30.625782012939453
blues,-19.354700088500977,6.855234622955322,-27.943706512451172
blues,-5.491847515106201,-0.9574655890464783,-8.965497970581055
blues,-13.14352798461914,-16.364765167236328,1.7047594785690308
blues,-15.879030227661133,5.527847766876221,-21.525487899780273
blues,-19.116926193237305,9.62717342376709,-26.31824493408203
blues,-12.119595527648926,1.457381248474121,-20.06287384033203
blues,-12.631945610046387,-2.5690653324127197,-25.145544052124023
blues,-14.086274147033691,-2.0055654048919678,-20.757966995239258
blues,-5.6003241539001465,-6.813249111175537,-18.90554428100586
blues,-7.3157877922058105,0.30493244528770447,-18.828346252441406
blues,-15.5300874710083,-5.088711261749268,-20.24039649963379
blues,-8.634394645690918,-5.089667797088623,-21.61908531188965
blues,-4.639014720916748,0.9260964393615723,-20.816787719726562
blues,0.656326949596405,-9.516487121582031,-16.278335571289062
blues,-4.800239086151123,-1.9411730766296387,-18.81610870361328
blues,-9.005784034729004,-5.265282154083252,-18.092565536499023
blues,-3.9073216915130615,-10.833233833312988,-11.910096168518066
blues,-16.999744415283203,-1.1353306770324707,-21.69730567932129
blues,-12.570785522460938,-22.855735778808594,0.41991037130355835
blues,-8.000585556030273,-0.7261804938316345,-13.220961570739746
classical,-51.55033874511719,-13.517919540405273,11.314799308776855
classical,-40.202186584472656,-10.699877738952637,-2.6589465141296387
classical,-50.965980529785156,-9.630940437316895,12.756470680236816
classical,-52.83484649658203,-4.372127056121826,16.348220825195312
classical,-58.92645263671875,8.69670581817627,15.196639060974121
classical,-53.40262222290039,2.5084612369537354,13.737699508666992
classical,-59.61125946044922,3.0120065212249756,10.079497337341309
classical,-51.67864990234375,-0.008694792166352272,11.220193862915039
classical,-54.67365646362305,4.424446105957031,11.272249221801758
classical,-46.98447799682617,-7.450782775878906,10.961654663085938
classical,-52.72454833984375,2.7572731971740723,8.101241111755371
classical,-48.32011413574219,-5.144394874572754,8.572632789611816
classical,-57.678531646728516,6.786069393157959,9.560035705566406
classical,-57.302093505859375,1.4019582271575928,13.367897033691406
classical,-50.893733978271484,-13.645828247070312,-1.1447348594665527
classical,-45.478240966796875,-3.8271920680999756,4.271944999694824
classical,-43.0701789855957,-8.43891716003418,3.899627923965454
classical,-49.480403900146484,-15.755971908569336,2.0053534507751465
classical,-55.853485107421875,1.4028745889663696,10.25351333618164
classical,-48.23868942260742,-2.5446298122406006,6.674069881439209
classical,-52.3845329284668,7.128537654876709,13.437894821166992
classical,-53.748287200927734,-3.5547542572021484,4.511476039886475
classical,-56.65449523925781,3.587740659713745,7.613123893737793
classical,-47.490821838378906,-6.165038585662842,14.353511810302734
classical,-52.33417510986328,-6.830203533172607,8.734498977661133
classical,-51.61729431152344,-6.6792378425598145,5.8897857666015625
classical,-50.35469436645508,-11.122383117675781,1.5926449298858643
classical,-45.97465133666992,-9.518885612487793,5.12208366394043
classical,-51.197174072265625,-10.407400131225586,7.627917289733887
classical,-55.600135803222656,-5.973189830780029,7.157573223114014
classical,-50.53407287597656,-10.798636436462402,-3.169440984725952
classical,-35.70711135864258,-10.27123737335205,-2.5423619747161865
classical,-38.600189208984375,-6.478115558624268,-2.5194904804229736
classical,-43.10700607299805,-7.937045097351074,-3.6191728115081787
classical,-53.28059005737305,-3.8160698413848877,9.896431922912598
classical,-38.498077392578125,-12.262469291687012,1.1362059116363525
classical,-40.70872497558594,-7.278827667236328,-6.635553359985352
classical,-46.758323669433594,-13.261129379272461,0.4926021099090576
classical,-53.595333099365234,-13.792428016662598,1.7799047231674194
classical,-36.842918395996094,-13.180638313293457,-5.030603408813477
classical,-45.604461669921875,-11.539875984191895,-6.365346431732178
classical,-48.22346115112305,-13.564664840698242,-3.711733102798462
classical,-61.167510986328125,4.415317535400391,16.251789093017578
classical,-46.36339569091797,-8.569640159606934,-4.5256500244140625
classical,-54.33214569091797,8.85317611694336,16.001813888549805
classical,-44.03828811645508,-15.1517972946167,1.9661688804626465
classical,-46.86104965209961,-15.050503730773926,6.601306915283203
classical,-51.30277633666992,-14.317408561706543,5.485729217529297
classical,-42.65142822265625,-12.278196334838867,6.223225116729736
classical,-55.726783752441406,-10.052629470825195,8.493906021118164
classical,-44.84519577026367,-3.205702066421509,8.439682960510254
classical,-39.05841064453125,-12.626546859741211,5.975352764129639
classical,-40.91282653808594,-15.95263385772705,3.358336925506592
classical,-60.50368881225586,0.6891847252845764,16.03476333618164
classical,-48.122772216796875,-11.375994682312012,12.984269142150879
classical,-44.07146453857422,-11.28049373626709,-2.857649087905884
classical,-62.816619873046875,0.4125133454799652,12.776805877685547
classical,-57.6437873840332,-3.153409957885742,11.365036964416504
classical,-50.834869384765625,-6.003505229949951,12.830195426940918
classical,-56.50919723510742,-2.489516258239746,17.096782684326172
classical,-57.510074615478516,-5.085237503051758,14.781478881835938
classical,-56.58578109741211,1.282331943511963,18.128175735473633
classical,-53.23881530761719,-7.59677791595459,15.008828163146973
classical,-41.07085418701172,-7.057149410247803,-0.3838111460208893
classical,-39.231895446777344,-8.346983909606934,2.9024693965911865
classical,-42.98263168334961,-13.781559944152832,-4.913290977478027
classical,-41.56170654296875,-10.997848510742188,-6.634859085083008
classical,-43.24708557128906,-10.67185115814209,1.2304493188858032
classical,-58.5833854675293,5.250250339508057,13.692567825317383
classical,-53.95585250854492,6.428662300109863,8.542128562927246
classical,-55.53337097167969,-5.605231285095215,11.130853652954102
classical,-55.138545989990234,-1.0620651245117188,7.008852958679199
classical,-52.04542541503906,5.418385028839111,17.8107967376709
classical,-56.17344665527344,8.284198760986328,12.726445198059082
classical,-55.3609504699707,5.311235427856445,15.7771577835083
classical,-51.35295104980469,-0.9748501181602478,7.193464756011963
classical,-49.78600311279297,3.0913798809051514,10.327679634094238
classical,-43.96782302856445,-8.499259948730469,-7.76027250289917
classical,-37.36098098754883,-8.971685409545898,-5.739410877227783
classical,-37.98387908935547,-10.007877349853516,-9.04825210571289
classical,-33.456024169921875,-9.657205581665039,-6.236098766326904
classical,-43.68441390991211,-8.609757423400879,7.600502967834473
classical,-53.3908576965332,-10.186295509338379,-0.23392990231513977
classical,-51.25859832763672,-7.487515926361084,1.4831262826919556
classical,-49.933441162109375,-7.516811847686768,-2.108623504638672
classical,-53.08041000366211,-10.35779857635498,4.201951503753662
classical,-54.18046951293945,-1.5629340410232544,14.324788093566895
classical,-48.929019927978516,-12.115046501159668,4.894171714782715
classical,-47.24855041503906,-9.66181755065918,-1.0241788625717163
classical,-42.384971618652344,-16.52204132080078,-2.2108428478240967
classical,-57.68769454956055,-3.658492088317871,4.008094310760498
classical,-50.142906188964844,-16.480459213256836,10.235420227050781
classical,-41.04865646362305,-13.790188789367676,-0.015672357752919197
classical,-37.356109619140625,-15.625444412231445,-1.175854206085205
classical,-48.68609619140625,-2.3873612880706787,13.004657745361328
classical,-49.294979095458984,3.920626640319824,14.497138023376465
classical,-46.4461669921875,-12.055994033813477,9.054102897644043
classical,-57.74934387207031,7.303677558898926,18.43566131591797
classical,-60.14240264892578,-4.628714561462402,8.45920467376709
classical,-43.46724319458008,-12.490756034851074,11.527298927307129
country,-10.171590805053711,-11.173336029052734,24.04707145690918
country,-7.547553062438965,-13.525785446166992,23.028057098388672
country,-17.197669982910156,9.32382583618164,13.54132080078125
country,-25.292797088623047,0.3872598111629486,10.312636375427246
country,11.835467338562012,-21.736146926879883,3.766608476638794
country,-13.570215225219727,-15.193453788757324,18.95267105102539
country,-11.211758613586426,-13.895779609680176,15.856534004211426
country,-10.714184761047363,-14.515030860900879,23.439212799072266
country,-9.888880729675293,-14.897156715393066,20.090120315551758
country,-13.939191818237305,-12.063139915466309,21.235105514526367
country,-16.2954158782959,1.979862928390503,7.864715576171875
country,-9.036236763000488,5.2461419105529785,21.867446899414062
country,-14.093027114868164,-0.8024041056632996,16.66239356994629
country,-20.93842315673828,-10.886046409606934,11.795403480529785
country,-21.352956771850586,-14.123771667480469,9.418387413024902
country,-11.552449226379395,1.7164844274520874,17.536943435668945
country,-12.969853401184082,3.7717013359069824,9.814617156982422
country,-9.970620155334473,0.7127182483673096,20.645923614501953
country,-18.81885528564453,-12.81184196472168,12.582374572753906
country,-16.02886390686035,4.742987155914307,17.140382766723633
country,-17.48084259033203,-1.3355770111083984,11.249693870544434
country,-14.556859016418457,-4.700943470001221,14.436649322509766
country,-10.445655822753906,-2.2784643173217773,10.862305641174316
country,-4.844955921173096,-5.722834587097168,17.077167510986328
country,-13.578937530517578,0.06726570427417755,10.40751838684082
country,-14.722679138183594,0.8823911547660828,13.73851490020752
country,-18.729991912841797,1.6416698694229126,13.332634925842285
country,-20.039201736450195,-8.361678123474121,18.7193603515625
country,-14.070310592651367,-3.3787081241607666,22.473297119140625
country,-13.618522644042969,-0.16860336065292358,19.892333984375
country,-3.3520774841308594,-4.930688381195068,20.616558074951172
country,-9.738136291503906,2.6326167583465576,24.06499671936035
country,-7.888247013092041,-8.541903495788574,16.95355987548828
country,-17.560749053955078,-0.34738871455192566,2.7586185932159424
country,-18.48428726196289,7.162771224975586,7.629882335662842
country,-19.94264793395996,0.5581330060958862,4.553062438964844
country,-14.085168838500977,-3.9100630283355713,11.196646690368652
country,-17.089052200317383,-5.023587226867676,19.049102783203125
country,-17.457746505737305,-11.132919311523438,9.752517700195312
country,-15.758316993713379,8.941750526428223,8.333929061889648
country,-22.43622398376465,0.23765887320041656,1.2407748699188232
country,-16.343915939331055,-16.200136184692383,10.96060848236084
country,-21.709712982177734,-5.250951290130615,8.347854614257812
country,-9.34105396270752,-28.387723922729492,13.466509819030762
country,-12.127218246459961,-3.6950836181640625,16.902956008911133
country,-7.275773525238037,-13.6345796585083,3.0905563831329346
country,-23.536149978637695,6.627527236938477,9.788009643554688
country,-11.89783000946045,5.1874098777771,18.86188316345215
country,-16.2390193939209,1.017756700515747,-18.427440643310547
country,-10.173474311828613,4.552567958831787,15.190940856933594
country,-24.63678741455078,-5.0913190841674805,5.027162551879883
country,-17.912160873413086,-6.320547103881836,16.190187454223633
country,-6.142783164978027,-10.048221588134766,20.150564193725586
country,-21.571304321289062,-7.103577136993408,5.204557418823242
country,-11.31566047668457,-8.916553497314453,18.121959686279297
country,-24.299110412597656,-6.913856506347656,1.8817329406738281
country,-9.417339324951172,-7.979572772979736,20.904176712036133
country,-7.522490501403809,-1.6066575050354004,22.99185562133789
country,-12.237449645996094,-9.311688423156738,14.157605171203613
country,-9.170295715332031,-11.628561019897461,14.867273330688477
country,-9.525043487548828,-10.958867073059082,19.94813346862793
country,-13.515080451965332,-8.242988586425781,21.514842987060547
country,-17.07107162475586,-4.22091817855835,5.387584686279297
country,-13.611711502075195,-12.238844871520996,9.536141395568848
country,-11.301620483398438,-0.9925251007080078,24.19463348388672
country,-10.529718399047852,-1.074837327003479,14.455445289611816
country,-20.226430892944336,-10.191629409790039,16.140974044799805
country,-8.63904094696045,-4.5613508224487305,14.643415451049805
country,-9.726006507873535,-7.185115337371826,13.12750244140625
country,-5.363123893737793,-7.623058795928955,13.326298713684082
country,-15.140266418457031,-2.1808598041534424,6.844723224639893
country,-0.6731018424034119,-8.178312301635742,15.754069328308105
country,-16.167160034179688,-11.151956558227539,6.537163734436035
country,-12.29910659790039,-8.959676742553711,10.080720901489258
country,-16.15896224975586,-9.249531745910645,18.99272918701172
country,-15.354903221130371,-10.56302261352539,16.44841194152832
country,-14.09616756439209,5.958738327026367,12.684017181396484
country,-11.478774070739746,-4.462929725646973,25.012813568115234
country,-3.8329050540924072,-8.492850303649902,17.75937271118164
country,-10.600035667419434,-2.7932448387145996,21.311298370361328
country,-21.89959144592285,-2.9126973152160645,4.867908000946045
country,-20.944046020507812,5.540140151977539,5.8433027267456055
country,-22.765527725219727,3.8919570446014404,3.5969290733337402
country,-22.18387222290039,-2.8011200428009033,12.924873352050781
country,-23.33742904663086,3.2886648178100586,7.649112701416016
country,-22.912548065185547,2.716642141342163,11.926898002624512
country,-19.312284469604492,-1.3838822841644287,7.413021564483643
country,-20.152490615844727,-3.35148286819458,17.300729751586914
country,-22.410367965698242,-0.7909700274467468,8.818897247314453
country,-17.336925506591797,-1.7510409355163574,15.253616333007812
country,-25.18286895751953,-2.8486719131469727,8.360791206359863
country,-17.29252815246582,-5.419190883636475,10.225847244262695
country,-24.71164321899414,-0.47777119278907776,6.015614032745361
country,-17.97378158569336,-1.0953973531723022,19.50132942199707
country,-19.24683952331543,1.2155386209487915,16.763185501098633
country,-13.516192436218262,3.6587183475494385,23.135574340820312
country,-18.568090438842773,-6.594543933868408,23.01805305480957
country,-22.197677612304688,0.41545116901397705,14.277591705322266
country,-15.105870246887207,3.3215525150299072,20.034318923950195
country,-17.583423614501953,6.403799533843994,12.590888977050781
disco,25.21791648864746,-12.560322761535645,8.592424392700195
disco,34.1690788269043,-9.791450500488281,13.298256874084473
disco,40.951656341552734,-12.388644218444824,17.139354705810547
disco,29.681655883789062,-0.5677453279495239,4.94598913192749
disco,39.28036880493164,-5.48016881942749,12.673248291015625
disco,33.2938117980957,-3.3185038566589355,7.974282741546631
disco,32.95914077758789,2.0271568298339844,7.099148750305176
disco,29.0268497467041,-0.7492766380310059,16.04739761352539
disco,25.561172485351562,1.0614837408065796,3.205834150314331
disco,24.897275924682617,-7.473023414611816,17.72842788696289
disco,36.885501861572266,-9.434056282043457,4.144803047180176
disco,38.98289108276367,-13.757692337036133,12.116354942321777
disco,26.045766830444336,-7.743181228637695,6.17578649520874
disco,47.55500030517578,-10.183187484741211,10.8021240234375
disco,33.465782165527344,1.0502891540527344,10.471540451049805
disco,46.466949462890625,-14.020437240600586,21.348228454589844
disco,36.7545051574707,-10.69607162475586,18.955617904663086
disco,28.375484466552734,2.034095048904419,10.33413314819336
disco,25.79607391357422,-5.469933032989502,13.195631980895996
disco,35.24461364746094,-6.362759590148926,24.489282608032227
disco,45.2166862487793,-12.498695373535156,17.56167221069336
disco,39.93137741088867,-14.827392578125,8.517254829406738
disco,27.783998489379883,2.388484001159668,11.954290390014648
disco,21.780977249145508,-5.370672225952148,11.047175407409668
disco,40.652591705322266,-4.777946472167969,8.778249740600586
disco,29.45819091796875,-8.49603271484375,13.305489540100098
disco,37.69913864135742,-3.7586817741394043,20.098209381103516
disco,31.648906707763672,-10.724617004394531,5.006186008453369
disco,24.415775299072266,-1.785761833190918,13.61030387878418
disco,30.909467697143555,-5.655093669891357,10.76994800567627
disco,36.81150436401367,-15.141325950622559,20.737199783325195
disco,41.78147506713867,-4.697038650512695,21.76998519897461
disco,24.656824111938477,-8.412787437438965,11.320578575134277
disco,43.820106506347656,-15.183951377868652,18.3964900970459
disco,0.815987765789032,-9.135089874267578,-0.8359704613685608
disco,32.41460037231445,-6.617607593536377,4.940180778503418
disco,1.5519771575927734,11.283644676208496,9.054471969604492
disco,28.504714965820312,-3.8606367111206055,11.79428482055664
disco,45.2927360534668,-16.7812442779541,13.362213134765625
disco,36.49587631225586,-6.921969413757324,15.920732498168945
disco,31.702062606811523,-13.060225486755371,20.22029685974121
disco,48.02388000488281,-15.72763442993164,19.047285079956055
disco,3.514890432357788,-11.629693031311035,-1.4647548198699951
disco,13.540526390075684,-1.7661662101745605,7.4586639404296875
disco,28.381805419921875,-5.757415294647217,15.60676383972168
disco,26.147737503051758,-3.834411859512329,9.194710731506348
disco,34.24923324584961,-6.560498237609863,10.406055450439453
disco,7.890132904052734,-2.946202516555786,13.567926406860352
disco,29.737646102905273,-11.926671028137207,15.06022834777832
disco,38.54710006713867,-12.707663536071777,6.330606937408447
disco,45.38087844848633,-9.713841438293457,7.553788185119629
disco,41.55852127075195,-11.399880409240723,4.772867202758789
disco,36.99154281616211,-19.34760284423828,18.81593132019043
disco,37.473140716552734,-6.366885662078857,6.263402938842773
disco,40.26206588745117,-8.960023880004883,13.218908309936523
disco,29.50379753112793,-12.17733383178711,11.440731048583984
disco,39.37800216674805,-7.745230197906494,23.82618522644043
disco,37.09896469116211,-17.69080352783203,14.91046142578125
disco,28.833707809448242,-8.452047348022461,18.358272552490234
disco,29.640644073486328,-2.009693145751953,9.036107063293457
disco,36.41782760620117,-7.505366325378418,20.891881942749023
disco,40.31779479980469,-7.953615665435791,4.597455024719238
disco,42.17583465576172,-7.958956718444824,9.738064765930176
disco,34.766578674316406,-3.623368740081787,3.6019201278686523
disco,28.493406295776367,-9.235161781311035,8.46099853515625
disco,32.38567352294922,-8.99438762664795,9.774751663208008
disco,27.453126907348633,-4.831879138946533,19.85019874572754
disco,42.99886703491211,-17.26496696472168,15.568549156188965
disco,39.64396667480469,-15.688041687011719,16.345016479492188
disco,47.324745178222656,-7.005570411682129,12.16019058227539
disco,42.266563415527344,-11.28192138671875,7.705006122589111
disco,46.223445892333984,-12.47381591796875,5.121683597564697
disco,40.637359619140625,-14.561141967773438,20.892654418945312
disco,44.56605529785156,-20.546520233154297,13.296003341674805
disco,45.29541015625,-13.096224784851074,8.511480331420898
disco,33.63288116455078,-2.719101667404175,12.928199768066406
disco,43.61301040649414,-3.829444169998169,11.764497756958008
disco,41.79936981201172,-10.78608226776123,20.879606246948242
disco,33.75834655761719,-16.861751556396484,15.110662460327148
disco,27.633808135986328,-3.698897361755371,5.3222150802612305
disco,45.0670051574707,-10.624313354492188,13.257390022277832
disco,36.82535934448242,-12.034396171569824,23.451141357421875
disco,24.78729820251465,1.9248781204223633,2.875028371810913
disco,43.479312896728516,-9.103836059570312,18.760902404785156
disco,26.65247344970703,-2.438041925430298,0.715244472026825
disco,30.15865135192871,-2.947672128677368,-0.9770603179931641
disco,39.583221435546875,-7.092878818511963,20.12065887451172
disco,43.32197570800781,-13.391410827636719,14.677562713623047
disco,30.35399055480957,3.6688876152038574,8.266033172607422
disco,35.35226058959961,-12.64999771118164,11.914852142333984
disco,46.74784469604492,-7.6458258628845215,16.6927433013916
disco,29.26065444946289,-6.899745941162109,3.7515318393707275
disco,33.903114318847656,-9.921833038330078,17.58872413635254
disco,37.697296142578125,-10.216198921203613,14.835652351379395
disco,36.36936950683594,-13.922595024108887,16.23348617553711
disco,30.535158157348633,-5.603212356567383,7.202708721160889
disco,42.38213348388672,-7.54980993270874,15.183411598205566
disco,28.66330909729004,0.6500545144081116,0.4869900047779083
disco,32.59959030151367,-6.353102684020996,15.616104125976562
disco,32.59959030151367,-6.353102684020996,15.616104125976562
hiphop,34.84651565551758,14.369290351867676,-24.486574172973633
hiphop,28.04910659790039,8.63198184967041,-27.974782943725586
hiphop,28.832120895385742,4.67124605178833,-15.6705904006958
hiphop,38.47480773925781,5.984954833984375,-20.871824264526367
hiphop,38.36347961425781,-1.6550451517105103,-24.21688461303711
hiphop,22.61610984802246,11.651039123535156,-21.240673065185547
hiphop,41.655033111572266,4.585065841674805,-28.64569854736328
hiphop,33.53437423706055,2.9109137058258057,-18.20897102355957
hiphop,19.920425415039062,-0.8126780390739441,-19.575895309448242
hiphop,35.36896896362305,2.5250914096832275,-26.71291732788086
hiphop,24.84747886657715,-2.638071298599243,-25.24039077758789
hiphop,25.437288284301758,2.5839712619781494,-15.505026817321777
hiphop,14.635990142822266,-0.520656168460846,-20.82136344909668
hiphop,20.920162200927734,-0.9728485345840454,-22.858074188232422
hiphop,13.604753494262695,6.5300469398498535,-20.023052215576172
hiphop,26.82314109802246,7.013391971588135,-16.425540924072266
hiphop,36.012264251708984,-1.4083263874053955,-19.29572868347168
hiphop,30.592050552368164,-0.40552783012390137,-16.260087966918945
hiphop,33.966983795166016,5.948363780975342,-26.585391998291016
hiphop,28.085372924804688,16.71736717224121,9.085347175598145
hiphop,36.433074951171875,11.301913261413574,-27.736919403076172
hiphop,23.77789306640625,0.05314546078443527,-19.51535415649414
hiphop,25.332672119140625,-1.5393106937408447,-14.693602561950684
hiphop,11.936247825622559,3.6936349868774414,-18.85879135131836
hiphop,37.32563018798828,5.9240827560424805,-28.87421226501465
hiphop,23.882810592651367,3.2222390174865723,-22.573055267333984
hiphop,39.43044662475586,2.189561128616333,-22.17136573791504
hiphop,42.334049224853516,-0.3395407795906067,-23.088451385498047
hiphop,23.732053756713867,14.600728988647461,-18.856948852539062
hiphop,31.80538558959961,16.326013565063477,14.104608535766602
hiphop,19.063840866088867,-3.211927890777588,-26.626981735229492
hiphop,33.47608184814453,17.83933448791504,16.203575134277344
hiphop,32.952754974365234,7.900584697723389,-23.72543716430664
hiphop,26.477825164794922,11.42895221710205,-20.906219482421875
hiphop,20.654638290405273,9.797981262207031,-26.017438888549805
hiphop,41.96759033203125,3.4151313304901123,-24.500774383544922
hiphop,40.042015075683594,7.079054355621338,-25.478906631469727
hiphop,26.08730697631836,-4.989259719848633,-18.020465850830078
hiphop,30.520362854003906,6.463536739349365,-18.73126792907715
hiphop,28.326278686523438,-1.2618001699447632,-19.171476364135742
hiphop,16.102336883544922,-5.607499599456787,-16.447402954101562
hiphop,3.4451677799224854,21.902254104614258,-1.0667990446090698
hiphop,27.41292953491211,5.178146839141846,-28.698251724243164
hiphop,19.25259017944336,-5.846034049987793,-17.3814640045166
hiphop,-7.476402759552002,-3.928269624710083,7.860184192657471
hiphop,28.326278686523438,-1.2618001699447632,-19.171476364135742
hiphop,25.885761260986328,-2.859881639480591,-21.2629451751709
hiphop,32.089237213134766,0.24914410710334778,-21.215185165405273
hiphop,28.39278793334961,8.107370376586914,-13.003593444824219
hiphop,29.501684188842773,10.889589309692383,-25.248920440673828
hiphop,28.177322387695312,3.1045234203338623,-22.199331283569336
hiphop,22.677762985229492,11.155421257019043,-17.947439193725586
hiphop,41.71439743041992,0.26457953453063965,-26.66449737548828
hiphop,38.4767951965332,2.307976722717285,-26.165273666381836
hiphop,36.80411911010742,5.0138373374938965,-24.964994430541992
hiphop,13.767953872680664,8.974669456481934,-12.695104598999023
hiphop,33.03565979003906,3.5640037059783936,-22.66106605529785
hiphop,17.622474670410156,5.663636207580566,-17.973642349243164
hiphop,24.223491668701172,12.493696212768555,-14.64052963256836
hiphop,16.848230361938477,8.802910804748535,-21.121341705322266
hiphop,21.271577835083008,5.873920440673828,-17.107555389404297
hiphop,23.548778533935547,2.2464962005615234,-26.894216537475586
hiphop,32.42970275878906,-3.7422149181365967,-20.740325927734375
hiphop,23.351566314697266,-5.688997745513916,-20.24541473388672
hiphop,23.817731857299805,8.955971717834473,-21.425607681274414
hiphop,22.269756317138672,0.11134020984172821,-14.89989948272705
hiphop,25.79157066345215,2.193418025970459,-19.3565673828125
hiphop,33.341915130615234,-2.1507668495178223,-23.32379150390625
hiphop,31.758716583251953,7.974664211273193,-15.067733764648438
hiphop,26.645437240600586,5.65394401550293,-24.345565795898438
hiphop,27.526323318481445,1.878739833831787,-12.322870254516602
hiphop,16.608076095581055,1.9096558094024658,-18.752288818359375
hiphop,29.807340621948242,2.700099229812622,-19.771196365356445
hiphop,14.469341278076172,0.3268294334411621,-16.81575584411621
hiphop,19.765226364135742,7.866352558135986,-18.815614700317383
hiphop,28.425670623779297,-0.6747376918792725,-22.783432006835938
hiphop,39.73397445678711,3.5482778549194336,-16.957773208618164
hiphop,30.110876083374023,15.158265113830566,11.4229736328125
hiphop,39.73397445678711,3.5482778549194336,-16.957773208618164
hiphop,41.070411682128906,0.752936601638794,-30.731637954711914
hiphop,45.92300796508789,0.058169130235910416,-24.03399085998535
hiphop,21.70821762084961,-2.895587205886841,-16.735471725463867
hiphop,22.564043045043945,-8.113006591796875,-17.598052978515625
hiphop,29.022647857666016,8.12515640258789,-20.81708335876465
hiphop,25.96202850341797,-6.217616081237793,-24.02364730834961
hiphop,29.666757583618164,2.035924196243286,-25.952268600463867
hiphop,18.68927574157715,-5.499110698699951,-20.459129333496094
hiphop,42.578914642333984,4.6983466148376465,-19.42573356628418
hiphop,20.73819923400879,2.67535400390625,-20.745018005371094
hiphop,37.52507781982422,10.7776517868042,-25.131168365478516
hiphop,29.96124267578125,6.038633823394775,-25.363195419311523
hiphop,32.804988861083984,10.465194702148438,-27.436477661132812
hiphop,17.695951461791992,4.3758931159973145,-22.869388580322266
hiphop,16.90146255493164,9.230850219726562,-13.43425178527832
hiphop,24.067930221557617,5.4894537925720215,-26.940732955932617
hiphop,19.312772750854492,8.210171699523926,-23.529396057128906
hiphop,29.166728973388672,10.39401912689209,-16.809362411499023
hiphop,20.56968879699707,3.1083743572235107,-24.302227020263672
hiphop,35.33198547363281,1.1836284399032593,-22.747758865356445
hiphop,28.270349502563477,-7.7487006187438965,-21.93098258972168
jazz,-33.04789733886719,7.756321430206299,-3.112165927886963
jazz,-54.71437072753906,-8.601552963256836,18.395751953125
jazz,-35.5926513671875,15.365283012390137,1.3942939043045044
jazz,-33.40803909301758,5.579565048217773,-6.916686534881592
jazz,-36.30793380737305,13.834741592407227,-4.13918399810791
jazz,-35.38067626953125,23.541397094726562,-9.287280082702637
jazz,-41.086490631103516,31.62227439880371,-5.846456050872803
jazz,-43.63690948486328,16.07628631591797,-1.8534830808639526
jazz,-13.601436614990234,0.6131935715675354,-16.60538101196289
jazz,-32.15184020996094,8.285174369812012,-8.625059127807617
jazz,-29.09058380126953,14.723958969116211,-8.555211067199707
jazz,-40.78700637817383,31.513469696044922,0.6051056385040283
jazz,-41.296268463134766,34.10092544555664,-1.5483289957046509
jazz,-34.338748931884766,16.040788650512695,-8.993566513061523
jazz,-37.53327560424805,12.590436935424805,0.26383277773857117
jazz,-38.915626525878906,36.08872985839844,-2.9101128578186035
jazz,-38.42494201660156,18.700042724609375,0.6458507180213928
jazz,-37.200958251953125,25.446762084960938,-13.406968116760254
jazz,-29.919057846069336,15.721381187438965,-4.387933731079102
jazz,-39.14987564086914,20.87075424194336,-2.099602699279785
jazz,-37.75533676147461,26.472806930541992,-8.661778450012207
jazz,-30.054967880249023,25.171552658081055,-9.461577415466309
jazz,-37.761898040771484,11.69601821899414,-6.106435775756836
jazz,-36.32912063598633,23.814748764038086,-5.636691093444824
jazz,-33.59296798706055,27.06843376159668,-11.827960014343262
jazz,-39.12529754638672,28.45136833190918,-6.2364583015441895
jazz,-43.25856018066406,18.6812801361084,-3.667721748352051
jazz,-40.57720184326172,39.46164321899414,-4.73411226272583
jazz,-38.01289367675781,33.72528076171875,0.2551252543926239
jazz,-37.75046920776367,37.80746841430664,-7.3513078689575195
jazz,-36.843868255615234,30.559602737426758,2.701677083969116
jazz,-38.21147918701172,33.47605514526367,-7.396148681640625
jazz,-31.28818130493164,20.195777893066406,-8.321463584899902
jazz,-41.35681915283203,27.276561737060547,-9.830976486206055
jazz,-34.31267166137695,37.57111358642578,-8.880325317382812
jazz,-40.092533111572266,24.79650115966797,-0.05035322159528732
jazz,-40.0019416809082,35.15726852416992,3.4055843353271484
jazz,-34.507564544677734,17.920419692993164,-6.111030101776123
jazz,-42.31888198852539,28.43103790283203,-2.062455654144287
jazz,-35.59031677246094,31.94871711730957,-11.3970947265625
jazz,-32.10525131225586,16.52271270751953,-1.7768524885177612
jazz,-38.349639892578125,29.36895751953125,-11.610979080200195
jazz,-44.28218078613281,24.64859962463379,-2.0818674564361572
jazz,-38.26314926147461,31.903907775878906,-3.0772125720977783
jazz,-39.81490707397461,16.62660789489746,-3.57818865776062
jazz,-39.57399368286133,28.0013427734375,1.8392441272735596
jazz,-31.22733497619629,20.746835708618164,-4.182214736938477
jazz,-27.87288475036621,17.8173828125,-8.521109580993652
jazz,-33.98624801635742,19.285478591918945,1.476327657699585
jazz,-32.708396911621094,2.709077835083008,-6.0662007331848145
jazz,-29.94149398803711,12.51052474975586,-14.390661239624023
jazz,-42.38215637207031,26.563941955566406,-7.236838340759277
jazz,-32.86211395263672,18.63656234741211,-12.52829360961914
jazz,-33.28154754638672,34.783443450927734,-7.44040584564209
jazz,-36.200008392333984,17.46955680847168,-2.436979293823242
jazz,-41.42184829711914,24.910263061523438,2.8534770011901855
jazz,-27.23893928527832,14.55916690826416,-12.497602462768555
jazz,-36.077110290527344,10.47172737121582,-2.8046064376831055
jazz,-42.90699005126953,33.97903060913086,2.8368680477142334
jazz,-31.374042510986328,14.430917739868164,-12.051563262939453
jazz,-33.5111198425293,15.120301246643066,-6.004419803619385
jazz,-25.548280715942383,14.150837898254395,-8.736207008361816
jazz,-39.30006790161133,28.109792709350586,-1.7879589796066284
jazz,-28.022594451904297,11.672778129577637,-10.288312911987305
jazz,-42.23827362060547,32.738895416259766,-9.43769359588623
jazz,-35.56724548339844,30.494956970214844,-8.839807510375977
jazz,-40.09852600097656,30.469444274902344,5.4981842041015625
jazz,-31.943288803100586,13.634000778198242,-1.6733661890029907
jazz,-43.72770309448242,22.829130172729492,-0.003148839343339205
jazz,-35.568458557128906,31.773475646972656,-1.6318656206130981
jazz,-41.372093200683594,15.540182113647461,-5.9711809158325195
jazz,-42.90308380126953,28.17398452758789,1.5565673112869263
jazz,-28.645963668823242,20.042850494384766,-4.1421661376953125
jazz,-31.042219161987305,37.399009704589844,-1.7093805074691772
jazz,-34.71356201171875,35.88071823120117,-4.162530422210693
jazz,-35.6915168762207,38.09306335449219,-0.9148327708244324
jazz,-36.01463317871094,27.05498695373535,-1.045987606048584
jazz,-32.963470458984375,40.335960388183594,-2.2312262058258057
jazz,-32.30143356323242,37.98079299926758,-5.968250751495361
jazz,-29.725025177001953,11.541104316711426,-5.955737590789795
jazz,-24.785263061523438,16.505216598510742,-11.893760681152344
jazz,-31.718082427978516,35.83004379272461,2.9873909950256348
jazz,-30.756832122802734,32.8674201965332,1.9233146905899048
jazz,-30.335481643676758,25.93764305114746,-12.10043716430664
jazz,-30.735673904418945,21.278615951538086,-13.992673873901367
jazz,-35.68180465698242,39.71791458129883,-5.106975555419922
jazz,-31.50884246826172,30.483158111572266,1.879921555519104
jazz,-32.71281051635742,10.01412296295166,-12.165390968322754
jazz,-44.648765563964844,31.597139358520508,-3.165820360183716
jazz,-37.905887603759766,16.706069946289062,-7.2095112800598145
jazz,-37.34651184082031,24.557714462280273,2.9692461490631104
jazz,-40.68902587890625,19.4361515045166,-6.145349502563477
jazz,-33.48329544067383,10.996308326721191,-5.347988128662109
jazz,-32.42130661010742,15.377375602722168,2.5745644569396973
jazz,-40.54362106323242,24.48114585876465,-4.3977484703063965
jazz,-41.6829719543457,34.99118423461914,-5.803426742553711
jazz,-36.347389221191406,20.867570877075195,-10.584585189819336
jazz,-34.69190979003906,11.650420188903809,-8.476222038269043
jazz,-38.80394744873047,34.19748306274414,-10.579286575317383
jazz,-38.44987106323242,22.975208282470703,-9.466750144958496
metal,14.711719512939453,-37.39762878417969,1.9263722896575928
metal,7.363770008087158,-40.81986618041992,-4.774427890777588
metal,12.377056121826172,-32.742977142333984,-1.1571711301803589
metal,12.529424667358398,-41.7673225402832,-4.0608015060424805
metal,14.718064308166504,-39.4876823425293,-0.6804361939430237
metal,21.431934356689453,-33.29458236694336,-13.9774751663208
metal,14.184380531311035,-36.1823616027832,-3.804417848587036
metal,11.316180229187012,-43.3835334777832,-6.543464183807373
metal,21.372573852539062,-39.2164306640625,-13.4384765625
metal,17.44547462463379,-29.075706481933594,-0.9841856360435486
metal,14.085371017456055,-53.63505554199219,-4.213100910186768
metal,8.693951606750488,-36.724124908447266,2.993997812271118
metal,7.101756572723389,-45.737449645996094,-5.60324764251709
metal,9.821695327758789,-47.88664245605469,-5.300183296203613
metal,7.244548797607422,-45.92522048950195,-9.564062118530273
metal,11.40355110168457,-51.5813102722168,-3.139064073562622
metal,7.020652770996094,-41.95702362060547,-10.98141098022461
metal,15.203397750854492,-46.00749588012695,-6.341169357299805
metal,6.81284761428833,-22.288774490356445,13.088244438171387
metal,14.077189445495605,-42.26388168334961,-9.41887378692627
metal,17.19719886779785,-43.797637939453125,-5.452098846435547
metal,14.402780532836914,-49.934452056884766,-7.595975399017334
metal,25.742238998413086,-33.50016784667969,-12.182488441467285
metal,10.959588050842285,-45.738792419433594,2.3342649936676025
metal,9.979344367980957,-32.23604202270508,2.639854669570923
metal,19.57484245300293,-42.83206558227539,-18.445188522338867
metal,11.181123733520508,-53.69747543334961,-5.9669294357299805
metal,10.486337661743164,-40.02192687988281,-8.654112815856934
metal,12.313617706298828,-39.216678619384766,4.542524814605713
metal,25.639312744140625,-42.92143630981445,-7.207894802093506
metal,12.567638397216797,-30.251142501831055,2.6274118423461914
metal,17.19864845275879,-39.77307891845703,-9.101645469665527
metal,13.616884231567383,-35.22411346435547,-16.12374496459961
metal,8.347384452819824,-39.670074462890625,-1.0805736780166626
metal,11.905587196350098,-36.1337890625,-6.500416278839111
metal,9.93284797668457,-48.79569625854492,-8.826271057128906
metal,17.696300506591797,-48.428443908691406,-7.660166263580322
metal,12.622292518615723,-35.30118179321289,3.5915369987487793
metal,23.840444564819336,-46.868492126464844,-10.239405632019043
metal,15.818038940429688,-31.359769821166992,1.5980889797210693
metal,11.428953170776367,-41.21112060546875,-14.154120445251465
metal,7.29718017578125,-40.387062072753906,-15.264813423156738
metal,10.062479972839355,-38.21186065673828,-16.236186981201172
metal,14.818321228027344,-41.89120101928711,-18.968891143798828
metal,9.80921459197998,-43.82006072998047,-17.985183715820312
metal,17.539718627929688,-39.55751037597656,-19.38264274597168
metal,5.529693603515625,-44.11493682861328,-2.1855273246765137
metal,9.009857177734375,-44.05805969238281,-3.3751604557037354
metal,10.733473777770996,-37.2457160949707,0.7689306735992432
metal,8.374008178710938,-43.41135025024414,0.5047094225883484
metal,8.325153350830078,-46.7833137512207,-0.5096645951271057
metal,11.834619522094727,-45.590003967285156,-2.3543930053710938
metal,14.798891067504883,-40.7969970703125,-6.716230869293213
metal,12.295300483703613,-42.35796356201172,0.842284619808197
metal,7.175418853759766,-48.99567413330078,-3.374253749847412
metal,11.25849723815918,-48.95778274536133,-0.3772679269313812
metal,14.231524467468262,-48.22570037841797,1.095482349395752
metal,20.63142967224121,-43.28984832763672,-5.927877426147461
metal,11.95384693145752,-34.555335998535156,11.055041313171387
metal,13.113815307617188,-33.40874099731445,8.068075180053711
metal,9.4379301071167,-32.60968780517578,6.888953685760498
metal,11.428953170776367,-41.21112060546875,-14.154120445251465
metal,8.344667434692383,-38.04205322265625,-13.150189399719238
metal,10.062479972839355,-38.21186065673828,-16.236186981201172
metal,14.818321228027344,-41.89120101928711,-18.968891143798828
metal,9.686816215515137,-41.34013366699219,-19.77202796936035
metal,17.089588165283203,-40.69731521606445,-16.514400482177734
metal,22.965892791748047,-43.57646560668945,-13.406280517578125
metal,25.244674682617188,-39.95286560058594,-11.208373069763184
metal,19.499826431274414,-31.97166633605957,0.14573527872562408
metal,25.23521614074707,-34.50431442260742,-8.220996856689453
metal,21.337648391723633,-36.442588806152344,-11.059327125549316
metal,17.863500595092773,-38.47013854980469,-5.288751125335693
metal,15.849709510803223,-44.9833984375,-11.53513240814209
metal,23.036149978637695,-46.29473114013672,-6.353817939758301
metal,8.152253150939941,-22.113800048828125,7.642675399780273
metal,16.818790435791016,-44.23683166503906,-1.8131306171417236
metal,14.758543968200684,-51.44441223144531,-0.3116866648197174
metal,17.3641414642334,-43.08393096923828,-9.186903953552246
metal,20.42160987854004,-46.174373626708984,-8.94772720336914
metal,24.827178955078125,-37.164703369140625,-7.8399457931518555
metal,11.730072975158691,-36.44781494140625,7.46201753616333
metal,17.303627014160156,-35.54765701293945,-12.30954360961914
metal,11.827178955078125,-44.268985748291016,-10.926589965820312
metal,18.81743812561035,-33.58982849121094,-10.911059379577637
metal,13.73084545135498,-38.40234375,-10.596232414245605
metal,20.047685623168945,-36.67692565917969,-15.836342811584473
metal,6.614856719970703,-49.76490783691406,-7.37912654876709
metal,23.6875057220459,-41.031734466552734,-16.750619888305664
metal,15.767704963684082,-26.144922256469727,1.2719497680664062
metal,16.1690616607666,-33.14457702636719,-1.027592420578003
metal,23.02564811706543,-34.96206283569336,-4.935219764709473
metal,23.433618545532227,-34.17066192626953,-15.435033798217773
metal,14.464742660522461,-48.762603759765625,-3.9287757873535156
metal,11.905587196350098,-36.1337890625,-6.500416278839111
metal,19.838815689086914,-34.44723129272461,-7.9041361808776855
metal,23.691843032836914,-42.8237190246582,-9.94770622253418
metal,19.58660888671875,-38.587059020996094,-2.079070568084717
metal,-0.6254359483718872,-24.392839431762695,-7.101014614105225
metal,22.027320861816406,-40.100303649902344,-8.528637886047363
pop,18.368127822875977,15.463701248168945,19.670486450195312
pop,32.029422760009766,33.5557975769043,19.367040634155273
pop,18.83668327331543,10.633708000183105,13.234939575195312
pop,13.258092880249023,19.373088836669922,15.942793846130371
pop,11.660122871398926,10.20518684387207,19.329599380493164
pop,10.226114273071289,3.6275269985198975,15.381972312927246
pop,7.898895263671875,5.757943630218506,15.27038288116455
pop,9.970611572265625,0.7513765692710876,17.24292755126953
pop,10.301948547363281,12.334610939025879,17.565704345703125
pop,15.557371139526367,16.022930145263672,13.844645500183105
pop,-13.920283317565918,-16.2241268157959,8.590987205505371
pop,7.025514125823975,-1.6595737934112549,16.3275089263916
pop,7.478535175323486,9.157358169555664,18.162458419799805
pop,11.034659385681152,8.24486255645752,15.294025421142578
pop,13.166654586791992,6.118474960327148,17.701353073120117
pop,22.65489387512207,24.494007110595703,13.033771514892578
pop,22.210519790649414,18.68988800048828,14.505631446838379
pop,4.03609561920166,-12.310985565185547,18.927146911621094
pop,13.705643653869629,16.320358276367188,20.150806427001953
pop,17.843597412109375,19.80231475830078,13.41767406463623
pop,19.561214447021484,28.98019790649414,22.2244930267334
pop,19.594106674194336,28.97283172607422,16.532238006591797
pop,22.88446617126465,22.89749526977539,15.642234802246094
pop,20.01716423034668,32.78553771972656,22.606548309326172
pop,30.393938064575195,20.701946258544922,14.393708229064941
pop,16.34659767150879,25.50090789794922,14.657248497009277
pop,12.953580856323242,21.010038375854492,22.121803283691406
pop,18.938627243041992,23.69778823852539,11.220076560974121
pop,24.92918586730957,26.377323150634766,15.663743019104004
pop,23.261730194091797,30.396240234375,15.253146171569824
pop,22.851713180541992,18.836544036865234,21.889293670654297
pop,20.162755966186523,18.244348526000977,22.895505905151367
pop,21.060787200927734,30.097740173339844,25.58020782470703
pop,11.731353759765625,12.088167190551758,14.12205982208252
pop,21.096982955932617,27.75701904296875,14.009455680847168
pop,21.006210327148438,21.743724822998047,23.175500869750977
pop,18.083829879760742,17.12270164489746,16.556827545166016
pop,19.142953872680664,22.269466400146484,15.119572639465332
pop,24.567367553710938,29.252994537353516,19.454769134521484
pop,13.801621437072754,27.617530822753906,24.74319076538086
pop,1.5513789653778076,-6.413262367248535,19.92662811279297
pop,10.044506072998047,6.692259311676025,18.881540298461914
pop,27.352781295776367,22.24823760986328,12.053121566772461
pop,18.27861213684082,8.306831359863281,15.814308166503906
pop,34.529762268066406,24.31844711303711,17.204008102416992
pop,27.80584144592285,20.735811233520508,19.889020919799805
pop,27.037609100341797,17.857107162475586,19.965450286865234
pop,24.704164505004883,25.221843719482422,20.024045944213867
pop,24.854509353637695,31.25249481201172,25.13631820678711
pop,14.002202033996582,9.255529403686523,16.488147735595703
pop,21.859821319580078,15.152460098266602,16.114093780517578
pop,17.8731746673584,27.509519577026367,24.6815185546875
pop,31.75325584411621,31.894691467285156,22.57479476928711
pop,8.172019958496094,1.057571530342102,14.115788459777832
pop,20.89405059814453,24.9105224609375,17.707805633544922
pop,31.940975189208984,27.862937927246094,22.07711410522461
pop,32.45073318481445,23.319475173950195,20.689247131347656
pop,30.067171096801758,30.640972137451172,20.109302520751953
pop,22.94974708557129,16.843435287475586,11.959039688110352
pop,32.077754974365234,24.531497955322266,23.562793731689453
pop,20.89405059814453,24.9105224609375,17.707805633544922
pop,31.054244995117188,20.014657974243164,18.31995391845703
pop,26.14501190185547,14.078774452209473,16.61772918701172
pop,7.146927833557129,2.664649248123169,17.38090705871582
pop,14.712207794189453,10.448830604553223,13.472458839416504
pop,22.101638793945312,20.187318801879883,11.440289497375488
pop,15.74114990234375,19.47844886779785,20.036008834838867
pop,27.580493927001953,33.311485290527344,21.878416061401367
pop,33.95210647583008,18.869874954223633,12.21438217163086
pop,26.763565063476562,17.879121780395508,12.830931663513184
pop,24.480831146240234,19.718215942382812,18.04925537109375
pop,27.580493927001953,33.311485290527344,21.878416061401367
pop,13.777572631835938,12.932379722595215,11.163015365600586
pop,14.787572860717773,31.239891052246094,20.767663955688477
pop,13.053035736083984,8.373346328735352,11.04266357421875
pop,24.473623275756836,34.582210540771484,22.54547882080078
pop,28.51980972290039,24.466800689697266,13.975043296813965
pop,34.996681213378906,26.411413192749023,20.75502586364746
pop,33.96066665649414,28.777219772338867,18.523815155029297
pop,-2.377622604370117,-5.305690288543701,12.17116928100586
pop,27.03165626525879,26.19454002380371,18.296531677246094
pop,12.072574615478516,21.741056442260742,14.663250923156738
pop,18.56248664855957,12.509931564331055,17.034015655517578
pop,14.695785522460938,13.4887056350708,17.418821334838867
pop,19.676607131958008,20.440975189208984,19.872037887573242
pop,26.818599700927734,22.51504898071289,16.206892013549805
pop,15.870156288146973,28.257869720458984,21.26449966430664
pop,12.803060531616211,26.289030075073242,20.73273277282715
pop,17.57581329345703,32.09794998168945,25.892881393432617
pop,22.623388290405273,31.69643211364746,18.818103790283203
pop,11.638694763183594,24.260982513427734,18.77372932434082
pop,31.38341522216797,25.519195556640625,17.328643798828125
pop,29.069725036621094,17.325279235839844,16.900352478027344
pop,29.864444732666016,32.58030700683594,15.722091674804688
pop,10.888957977294922,20.134532928466797,18.152841567993164
pop,18.960466384887695,15.020119667053223,14.42491340637207
pop,17.313220977783203,24.42422103881836,21.894731521606445
pop,29.351327896118164,25.027908325195312,21.398845672607422
pop,14.951963424682617,29.399538040161133,17.940673828125
pop,16.14961051940918,22.34394645690918,17.6867733001709
reggae,1.3110783100128174,30.843692779541016,-15.140207290649414
reggae,5.348826885223389,19.73415756225586,-14.635629653930664
reggae,11.262005805969238,17.543699264526367,-9.211516380310059
reggae,2.3468847274780273,43.18712615966797,-10.267190933227539
reggae,1.7979661226272583,34.23793029785156,-13.398972511291504
reggae,4.800998210906982,36.499290466308594,-3.990696430206299
reggae,6.002586841583252,18.862396240234375,-8.250190734863281
reggae,5.420653820037842,35.93812942504883,-11.891816139221191
reggae,2.368314743041992,24.491432189941406,-2.9879214763641357
reggae,8.79603385925293,39.25344467163086,-13.498245239257812
reggae,9.912178993225098,21.792404174804688,-4.6628737449646
reggae,7.870784282684326,39.10470199584961,-5.730228900909424
reggae,12.854422569274902,32.77729034423828,-3.8360002040863037
reggae,2.4039876461029053,35.19466018676758,-5.279731273651123
reggae,-0.31407225131988525,41.672672271728516,-6.3319501876831055
reggae,6.831446170806885,35.11491012573242,-7.179929256439209
reggae,8.073785781860352,20.72856330871582,-10.606480598449707
reggae,5.117171764373779,29.345996856689453,-9.727723121643066
reggae,7.096084117889404,24.67270278930664,-9.73239517211914
reggae,8.327113151550293,30.05258560180664,-4.436245918273926
reggae,4.263430118560791,33.00568771362305,-15.982894897460938
reggae,4.865097999572754,17.261966705322266,-11.586748123168945
reggae,18.564449310302734,12.272549629211426,-9.481842994689941
reggae,11.691411018371582,37.92235565185547,-1.6146001815795898
reggae,5.304411888122559,32.40032196044922,-12.351460456848145
reggae,5.309177398681641,39.41603088378906,-12.499497413635254
reggae,11.634788513183594,35.019474029541016,-8.611701011657715
reggae,11.2052640914917,22.52146339416504,-8.752937316894531
reggae,4.429215431213379,26.774301528930664,-7.563028335571289
reggae,13.59000015258789,28.14166259765625,-9.176164627075195
reggae,10.743766784667969,26.066865921020508,-11.807665824890137
reggae,7.748542785644531,29.586444854736328,-13.146354675292969
reggae,13.424468994140625,25.43463897705078,-6.933980464935303
reggae,7.35263729095459,26.35596466064453,-12.49410343170166
reggae,13.938883781433105,25.93528938293457,-14.96995735168457
reggae,15.643525123596191,25.865558624267578,-11.852314949035645
reggae,10.069992065429688,22.606403350830078,-14.704559326171875
reggae,9.735695838928223,26.795101165771484,-14.865824699401855
reggae,2.1163742542266846,32.906280517578125,-10.303048133850098
reggae,16.028656005859375,12.309383392333984,-11.389265060424805
reggae,7.207594394683838,15.680488586425781,-9.24627685546875
reggae,7.6293559074401855,27.259891510009766,-2.0153143405914307
reggae,11.15778636932373,40.30806350708008,-5.6193976402282715
reggae,-1.9977394342422485,32.30220031738281,-14.009042739868164
reggae,5.527702808380127,27.40761947631836,-16.47502326965332
reggae,-2.458845853805542,41.97802734375,-12.129267692565918
reggae,7.460933208465576,21.208038330078125,-7.184233665466309
reggae,4.766224384307861,28.82955551147461,2.6608643531799316
reggae,5.149284362792969,30.031715393066406,-0.6274545192718506
reggae,-0.22214023768901825,21.35556411743164,-11.413688659667969
reggae,2.1362814903259277,39.639949798583984,-15.309721946716309
reggae,35.63690185546875,29.57858657836914,23.284900665283203
reggae,14.377166748046875,37.46955490112305,-13.548554420471191
reggae,15.7310152053833,35.63222885131836,-11.482373237609863
reggae,1.5011155605316162,42.72700500488281,-12.946991920471191
reggae,16.06096076965332,19.91643714904785,-12.334028244018555
reggae,4.297059535980225,40.18027877807617,-5.789473056793213
reggae,4.529770374298096,23.04636573791504,-4.213883876800537
reggae,-3.9349546432495117,39.96075439453125,-9.408002853393555
reggae,1.5678105354309082,27.713329315185547,-19.84876251220703
reggae,3.5950262546539307,22.057838439941406,-10.379707336425781
reggae,7.897784233093262,41.18597412109375,-9.674664497375488
reggae,11.212419509887695,18.77279281616211,-13.335676193237305
reggae,2.056781053543091,18.01932716369629,-8.226451873779297
reggae,-1.1524872779846191,43.45922088623047,-9.05927562713623
reggae,8.551942825317383,36.0079231262207,-2.7178943157196045
reggae,13.73941707611084,28.880535125732422,-4.9423089027404785
reggae,8.267603874206543,25.391246795654297,-6.050457954406738
reggae,4.595283031463623,31.476245880126953,-6.787670135498047
reggae,-1.0209687948226929,28.695659637451172,-11.945775985717773
reggae,1.188763976097107,21.060077667236328,-5.306107997894287
reggae,4.50044059753418,38.56874084472656,-8.467463493347168
reggae,10.498510360717773,35.079959869384766,-12.774313926696777
reggae,11.345536231994629,1.1704288721084595,-16.11016273498535
reggae,13.261536598205566,3.1904842853546143,-15.35671329498291
reggae,3.5431389808654785,28.040695190429688,-13.006440162658691
reggae,1.7315768003463745,38.336605072021484,-9.763648986816406
reggae,7.36362886428833,30.99593734741211,1.919182300567627
reggae,8.999940872192383,39.814369201660156,-1.4331368207931519
reggae,11.99917984008789,31.37416648864746,-13.307856559753418
reggae,13.6724214553833,38.33761215209961,-7.529510498046875
reggae,11.394095420837402,38.676536560058594,-9.8593111038208
reggae,11.394095420837402,38.676536560058594,-9.8593111038208
reggae,0.4634583294391632,15.650710105895996,-11.403955459594727
reggae,0.9284985661506653,25.382366180419922,-10.51146125793457
reggae,-0.28272101283073425,38.45899200439453,-4.43226432800293
reggae,10.637921333312988,43.919456481933594,-12.385824203491211
reggae,6.836913108825684,43.749176025390625,-13.281827926635742
reggae,9.25588607788086,32.09785842895508,-16.18276596069336
reggae,0.6191088557243347,29.87796974182129,-3.5173048973083496
reggae,14.308201789855957,22.73458480834961,-14.21402359008789
reggae,8.494040489196777,28.648849487304688,-8.916471481323242
reggae,8.833338737487793,31.34702491760254,-9.588886260986328
reggae,0.880320131778717,35.931617736816406,-17.15108299255371
reggae,2.017470598220825,22.898286819458008,-13.528419494628906
reggae,2.8697075843811035,30.48312759399414,-18.078075408935547
reggae,4.04980993270874,33.22117233276367,-2.0760018825531006
reggae,1.8026413917541504,18.119680404663086,-13.449650764465332
reggae,0.9638947248458862,25.081180572509766,-6.456632614135742
reggae,-0.5149151086807251,28.2723331451416,-8.305147171020508
rock,0.338571161031723,-20.928443908691406,11.5703763961792
rock,5.047750473022461,-19.74183464050293,9.543721199035645
rock,-25.943017959594727,6.527662754058838,-30.977439880371094
rock,0.9983652234077454,-15.030731201171875,6.3570051193237305
rock,4.603847026824951,-22.4084529876709,7.048772811889648
rock,10.441919326782227,-12.433862686157227,18.114656448364258
rock,0.8829851150512695,-15.385921478271484,12.285313606262207
rock,2.2310822010040283,-18.967247009277344,14.326765060424805
rock,10.88372802734375,-14.033368110656738,15.853853225708008
rock,0.4413350820541382,-17.702516555786133,9.733781814575195
rock,-8.064687728881836,-16.89733123779297,7.472410678863525
rock,5.308333396911621,-16.806612014770508,7.430248260498047
rock,-7.187933444976807,-24.605932235717773,-3.7197952270507812
rock,-1.035380244255066,-19.715167999267578,-1.7277357578277588
rock,-7.6102824211120605,-21.14498519897461,-2.2819926738739014
rock,10.094010353088379,14.382477760314941,-11.417088508605957
rock,9.329913139343262,-34.677459716796875,9.76300048828125
rock,5.743587017059326,-29.75876808166504,17.059307098388672
rock,-6.5231733322143555,-22.2028751373291,3.395484447479248
rock,5.043270111083984,-30.44460105895996,7.874567985534668
rock,3.904263734817505,-19.334091186523438,18.893274307250977
rock,-1.064091444015503,-18.698698043823242,18.25654411315918
rock,5.542056560516357,-20.717405319213867,21.502765655517578
rock,6.972374439239502,-20.34493637084961,17.498882293701172
rock,4.495722770690918,-22.804197311401367,18.257068634033203
rock,2.3621325492858887,-27.832006454467773,11.54716682434082
rock,-5.138190269470215,-27.78251838684082,12.251768112182617
rock,4.5151777267456055,-26.069599151611328,8.703136444091797
rock,-4.355665683746338,-21.316110610961914,0.8024920225143433
rock,1.6895636320114136,-30.48460578918457,13.046052932739258
rock,-2.3728599548339844,-16.056848526000977,1.9126800298690796
rock,47.754615783691406,-14.13431167602539,14.406644821166992
rock,-4.604848384857178,-18.173294067382812,3.9492504596710205
rock,1.1592768430709839,-11.278029441833496,14.978195190429688
rock,4.028851509094238,-25.63295555114746,13.124491691589355
rock,7.756452560424805,-18.72551918029785,6.648922920227051
rock,5.322540760040283,-26.183809280395508,17.240999221801758
rock,-5.7491350173950195,-25.901912689208984,7.201102256774902
rock,2.1314549446105957,-19.233154296875,2.946326732635498
rock,10.3123779296875,-18.212142944335938,20.110713958740234
rock,-2.012263059616089,-24.00583267211914,-1.1489830017089844
rock,-1.963589072227478,-23.426651000976562,7.514974594116211
rock,-5.638010501861572,-25.651920318603516,-0.12915143370628357
rock,0.22921237349510193,-25.555004119873047,3.374020576477051
rock,3.256779670715332,-8.0277681350708,18.65972137451172
rock,-0.6442520022392273,-26.59781837463379,17.302942276000977
rock,0.9580678343772888,-20.261240005493164,21.747159957885742
rock,1.7007842063903809,-21.980188369750977,0.29604411125183105
rock,6.976341247558594,-17.310813903808594,19.048873901367188
rock,4.865000247955322,-13.608747482299805,15.565540313720703
rock,6.109075546264648,-13.690621376037598,9.22592830657959
rock,-1.4006094932556152,-19.894906997680664,4.099696159362793
rock,-1.8943885564804077,-14.395926475524902,7.590219974517822
rock,4.569035530090332,-14.98665714263916,-0.7316708564758301
rock,4.393128395080566,-11.311129570007324,23.036033630371094
rock,4.641519069671631,-16.872817993164062,16.366283416748047
rock,5.851649761199951,-16.858638763427734,-2.121458053588867
rock,-0.005248339381068945,-17.064857482910156,25.723581314086914
rock,2.414619207382202,-14.765912055969238,22.561809539794922
rock,6.143624305725098,-16.55226707458496,13.286008834838867
rock,2.012967109680176,-18.030771255493164,24.126880645751953
rock,-14.390962600708008,-27.08836555480957,-0.22216159105300903
rock,-2.2910187244415283,-11.645395278930664,7.05972146987915
rock,-4.038514614105225,-14.455202102661133,12.475914001464844
rock,-5.543773651123047,-30.435375213623047,2.248577117919922
rock,-2.749258518218994,-26.765575408935547,9.038290977478027
rock,-11.717479705810547,-26.474985122680664,1.6721892356872559
rock,-8.36279010772705,-20.938814163208008,1.2107077836990356
rock,-1.471063494682312,-27.925012588500977,13.80699348449707
rock,-5.6041364669799805,-29.529449462890625,8.476155281066895
rock,-8.218450546264648,-26.81124496459961,9.133914947509766
rock,-9.190049171447754,-24.364521026611328,-0.37859755754470825
rock,-5.849418640136719,-17.868865966796875,0.9805874824523926
rock,-2.4047720432281494,-23.8389835357666,3.028872489929199
rock,-2.172684669494629,-24.338592529296875,11.555177688598633
rock,-8.581818580627441,-27.575878143310547,-1.286328911781311
rock,-10.945066452026367,-17.100605010986328,6.046541690826416
rock,-4.112387180328369,-22.877382278442383,-3.4558753967285156
rock,-9.108186721801758,-19.323705673217773,4.509561061859131
rock,-1.8897358179092407,-29.672916412353516,10.33862018585205
rock,0.1580452173948288,-26.580734252929688,7.5308709144592285
rock,-2.3791587352752686,-28.010679244995117,5.0643205642700195
rock,1.119614601135254,-29.995235443115234,7.63494873046875
rock,-6.187464237213135,-29.251129150390625,15.221396446228027
rock,-3.2002389430999756,-31.71967315673828,13.229368209838867
rock,1.3743278980255127,-20.64441680908203,17.19144058227539
rock,-7.671362400054932,-25.836820602416992,3.7480862140655518
rock,7.550053119659424,-28.658302307128906,14.59483528137207
rock,-0.8483048677444458,-27.192655563354492,0.437322199344635
rock,-10.568459510803223,-26.499168395996094,5.9331889152526855
rock,-9.969085693359375,-7.9368085861206055,-26.741378784179688
rock,8.960859298706055,-31.88633155822754,17.585872650146484
rock,11.291938781738281,-29.22051429748535,15.120155334472656
rock,9.688488006591797,-17.832616806030273,15.420195579528809
rock,10.767868995666504,-30.76488494873047,10.441109657287598
rock,1.0172871351242065,-24.64327621459961,15.03181266784668
rock,9.564228057861328,-26.626197814941406,17.316436767578125
rock,5.966318130493164,-31.026456832885742,13.764677047729492
rock,-4.967595100402832,-13.310196876525879,16.91779899597168
rock,9.820270538330078,-21.291553497314453,12.501708984375
